{"stats":{"minecraft:picked_up":{"brewery:table":1,"minecraft:iron_chestplate":4,"minecraft:lead":6,"botania:black_double_flower":1,"minecraft:enchanted_book":1,"betternether:nether_reed_stem":18,"techreborn:invar_ingot":1,"grassoverhaul:dirt_sod_stairs":20,"minecraft:string":2393,"minecraft:soul_soil":1,"minecraft:red_nether_bricks":5,"minecraft:pufferfish":1,"minecraft:beetroot":1,"create:water_wheel":1,"minecraft:gold_nugget":11,"minecraft:cobbled_deepslate":60,"minecells:quick_bow":1,"minecraft:spruce_planks":154,"minecraft:bubble_coral":3,"techreborn:rubber_log":22,"minecraft:enchanted_golden_apple":1,"minecraft:coal_block":1,"minecraft:composter":6,"bewitchment:belladonna":6,"betternether:bone_mushroom":2,"minecraft:stone_sword":5,"archers:ranger_armor_feet":1,"betternether:nether_ruby_ore":3,"supplementaries:quiver":1,"supplementaries:ash":17,"minecraft:blaze_rod":6,"minecraft:snowball":1633,"soulsweapons:moonstone_pickaxe":1,"minecraft:birch_log":31,"minecraft:magma_block":23,"techreborn:sphalerite_dust":1,"minecraft:feather":19,"minecraft:iron_door":7,"betternether:jungle_moss":26,"minecraft:water_bucket":3,"minecraft:flint":3,"ad_astra:coal_generator":1,"betternether:magma_flower":8,"farmersdelight:tomato":3,"minecraft:lantern":1,"lootr:trophy":3,"betternether:nether_ruby_helmet":1,"create:encased_chain_drive":9,"minecraft:chipped_anvil":1,"betternether:geyser":4,"indrev:nikolite_ore":4,"fishofthieves:earthworms":167,"create:shaft":19,"minecraft:glowstone_dust":51,"simplyswords:gold_katana":1,"simplyswords:storms_edge":1,"fishofthieves:pondie":2,"betternether:wall_moss":7,"simplyswords:mjolnir":4,"minecraft:barrel":6,"regions_unexplored:glister_bulb":2,"minecraft:iron_hoe":2,"minecraft:blue_terracotta":103,"minecraft:deepslate":6,"simplyswords:soulpyre":1,"regions_unexplored:clover":15,"minecraft:granite":5,"minecraft:spruce_button":10,"fishofthieves:leeches":4,"minecraft:bread":12,"simplyswords:brimstone_claymore":1,"bewitchment:ectoplasm":4,"minecraft:dark_oak_fence":4,"minecraft:bricks":5,"minecraft:diamond_pickaxe":1,"minecraft:crafting_table":16,"minecraft:coarse_dirt":1,"techreborn:pyrite_dust":2,"ad_astra:tier_1_rocket":3,"ae2:silicon_press":1,"create:scorchia":1,"minecraft:white_carpet":23,"minecraft:iron_shovel":3,"betternether:nether_ruby_leggings":1,"minecraft:glass_pane":1,"minecraft:cracked_stone_bricks":12,"spellbladenext:fire_claymore":1,"minecraft:chest":2,"minecraft:birch_sapling":5,"minecraft:piston":53,"minecraft:stone":92,"techreborn:rubber_planks":15,"betternether:rubeus_log":5,"farmersdelight:tomato_seeds":4,"betternether:nether_ruby":4,"minecraft:carrot":520,"minecraft:redstone":142,"create:vertical_gearbox":2,"mutantmonsters:creeper_shard":1,"minecraft:beetroot_seeds":6,"mcda:phantom_bones":1,"minecraft:shears":1,"minecraft:hay_block":19,"botania:blue_mystical_flower":1,"minecraft:totem_of_undying":1,"minecraft:polished_blackstone":1,"minecraft:white_wool":168,"minecraft:bone_block":54,"minecraft:lime_bed":6,"minecraft:mud_bricks":2,"croptopia:crab":1,"minecraft:red_mushroom":4,"minecraft:filled_map":1,"immersive_melodies:bagpipe":1,"minecraft:oak_log":183,"minecraft:lily_pad":2,"bewitchment:aconite_seeds":1,"comforts:sleeping_bag_light_gray":1,"minecraft:white_banner":2,"minecraft:apple":16,"minecraft:stone_bricks":1,"minecraft:stone_pickaxe":11,"techreborn:deepslate_bauxite_ore":2,"minecraft:gray_bed":3,"travelersbackpack:blank_upgrade":1,"minecraft:smooth_basalt":19,"betternether:black_bush":1,"vinery:taiga_grape_seeds_red":2,"minecells:monster_cell":1,"minecraft:cracked_nether_bricks":11,"minecraft:gravel":87,"twigs:bronzed_seashell":2,"minecraft:spruce_sapling":140,"minecraft:spruce_log":378,"minecraft:crying_obsidian":2,"travelersbackpack:wolf":1,"modern_industrialization:lignite_coal_ore":3,"minecells:electric_whip":1,"minecraft:diamond_shovel":1,"croptopia:orange":2,"minecraft:diamond_axe":3,"minecraft:deepslate_redstone_ore":23,"minecraft:gray_wool":7,"minecraft:wheat":46,"minecraft:nether_brick_fence":1,"twigs:roseate_seashell":1,"minecraft:gilded_blackstone":6,"minecraft:stone_brick_stairs":5,"minecraft:zombie_head":1,"minecraft:sticky_piston":3,"betternether:nether_ruby_chestplate":1,"techreborn:copper_cable":10,"minecraft:experience_bottle":10,"minecraft:oak_sign":6,"promenade:sakura_boat":26,"promenade:sakura_log":182,"minecraft:comparator":1,"minecraft:bucket":8,"twigs:pebble":40,"minecraft:cobblestone_slab":12,"minecraft:calcite":14,"farmersdelight:cabbage_seeds":4,"minecraft:iron_boots":2,"minecraft:stick":38,"minecraft:birch_trapdoor":2,"minecraft:polished_deepslate_stairs":1,"minecraft:torch":45,"croptopia:blackberry_seed":6,"minecraft:spruce_stairs":3,"twigs:bamboo_leaves":43,"minecraft:pointed_dripstone":3,"minecraft:diorite":9,"ad_astra:oxygen_loader":1,"betternether:lapis_pile":48,"ae2:sky_stone_block":5,"mutantmonsters:hulk_hammer":1,"minecraft:rotten_flesh":32,"betternether:rubeus_crafting_table":1,"betternether:feather_fern":21,"minecraft:obsidian":14,"twigs:tangerine_seashell":1,"minecraft:cod":2,"create:speedometer":1,"minecraft:cobblestone":4049,"minecraft:magma_cream":5,"minecraft:repeater":2,"minecraft:andesite":6,"promenade:cotton_sakura_sapling":30,"minecraft:potato":4,"herbalbrews:tea_blossom":2,"mythicmounts:firebird_feather2":3,"supplementaries:flax_seeds":19,"minecraft:horn_coral":4,"minecraft:wither_skeleton_skull":3,"simplyswords:flamewind":1,"travelersbackpack:magma_cube":1,"minecraft:dirt":1027,"minecraft:leather_boots":1,"minecraft:bone":66,"minecraft:bow":4,"ad_astra:fuel_refinery":4,"minecraft:wheat_seeds":106,"ad_astra:launch_pad":1,"simplyswords:ribboncleaver":1,"ae2:logic_processor_press":1,"minecraft:mossy_stone_bricks":9,"minecraft:bamboo":188,"twigs:twig":127,"minecraft:oak_planks":36,"minecraft:cooked_porkchop":19,"betternether:nether_ruby_pickaxe":1,"promenade:duck":4,"techreborn:raw_lead":1,"croptopia:blackberry":3,"minecraft:sand":148,"minecraft:cyan_bed":1,"techreborn:rubber_sapling":6,"techreborn:bauxite_ore":1,"regions_unexplored:glistering_bloom":1,"betternether:bone_stairs":3,"minecraft:diamond":1,"minecraft:spruce_boat":9,"ad_astra:oil_bucket":2,"betternether:nether_ruby_boots":1,"minecraft:bone_meal":5,"minecraft:golden_apple":26,"minecraft:spruce_sign":1,"minecraft:emerald":5,"indrev:nikolite_dust":42,"minecraft:oak_sapling":5,"minecraft:netherrack":2299,"minecraft:andesite_slab":1,"minecraft:charcoal":2,"minecraft:ladder":2,"minecraft:brown_mushroom":2,"minecraft:wooden_pickaxe":1,"minecraft:stone_brick_wall":2,"promenade:blush_sakura_sapling":28,"ad_astra:sky_stone":6,"minecraft:iron_axe":2,"artifacts:fire_gauntlet":1,"minecraft:blackstone":1,"graveyard:corruption":1,"techreborn:raw_silver":3,"mythicmobs:chupacabra_raw_meat":1,"simplyswords:runic_tablet":1,"minecraft:candle":4,"simplyswords:iron_longsword":1,"mythicmounts:firebird_feather":4,"minecraft:player_head":1,"minecraft:light_gray_wool":13,"minecraft:lectern":2,"minecraft:sugar_cane":454,"minecraft:spruce_trapdoor":1,"minecraft:phantom_membrane":1,"betternether:rubeus_bark":14,"create:sequenced_gearshift":1,"minecraft:raw_iron":12,"betternether:wall_mushroom_red":5,"minecraft:copper_ingot":1,"minecraft:bowl":1,"betternether:willow_log":7,"regions_unexplored:blue_lupine":2,"minecraft:stone_button":64,"create:hand_crank":1,"promenade:sakura_planks":183,"minecraft:arrow":15,"bewitchment:garlic":10,"techreborn:rubber_button":3,"tiered:limestone_chunk":13,"minecraft:nether_bricks":18,"ae2:calculation_processor_press":1,"regions_unexplored:glistering_fern":3,"minecraft:basalt":41,"minecraft:golden_carrot":29,"minecraft:glow_ink_sac":1,"minecraft:salmon":1,"minecraft:leather":10,"betternether:wall_mushroom_brown":7,"minecraft:mushroom_stew":1,"fishofthieves:grubs":2,"minecraft:gunpowder":7,"minecraft:yellow_bed":3,"mcdw:sword_katana":1,"immersive_armors:warrior_leggings":1,"minecraft:gray_carpet":3,"bewitchment:mandrake_seeds":1,"minecraft:iron_ingot":7,"croptopia:anchovy":1,"minecraft:soul_sand":1,"minecraft:emerald_block":1,"minecraft:stone_brick_slab":4,"minecraft:quartz":6,"bewitchment:belladonna_seeds":11,"bewitchment:salt":61,"minecraft:blast_furnace":1,"minecraft:white_bed":11,"minecraft:nether_brick_slab":1,"minecraft:spider_eye":1,"minecraft:brick_slab":1,"minecells:multiple_nocks_bow":1,"minecraft:iron_helmet":1,"ae2:engineering_processor_press":1,"minecraft:terracotta":2,"promenade:sakura_slab":11,"minecraft:coal":115},"minecraft:crafted":{"minecraft:smooth_stone":3,"minecraft:oak_sign":6,"techreborn:steel_storage_block":15,"mcdw:sickle_last_laugh_gold":1,"ad_astra:hammer":3,"promenade:sakura_boat":4,"minecraft:lever":2,"minecraft:diamond_shovel":1,"minecraft:glass":38,"ad_astra:oxygen_gear":2,"promenade:sakura_slab":234,"minecraft:iron_door":3,"ad_astra:space_helmet":2,"ad_astra:oxygen_loader":1,"techreborn:steel_ingot":258,"travelersbackpack:standard":1,"minecraft:copper_ingot":18,"betternether:rubeus_crafting_table":1,"minecraft:iron_pickaxe":11,"minecraft:composter":6,"promenade:sakura_door":3,"minecraft:golden_carrot":16,"minecraft:stone_shovel":4,"techreborn:steel_plate":106,"minecraft:bone_meal":450,"create:iron_sheet":45,"minecraft:white_carpet":90,"botania:black_petal":4,"ad_astra:compressor":1,"minecraft:stone_pickaxe":27,"minecraft:spruce_boat":4,"minecraft:redstone_block":3,"minecraft:wheat":209,"ad_astra:space_pants":2,"ad_astra:rocket_nose_cone":2,"ad_astra:steel_engine":2,"ad_astra:space_boots":2,"ad_astra:space_suit":2,"comforts:sleeping_bag_light_gray":1,"techreborn:refined_iron_ingot":1,"minecraft:birch_trapdoor":4,"ad_astra:engine_frame":2,"minecraft:iron_shovel":6,"minecraft:iron_leggings":1,"ad_astra:coal_generator":1,"minecraft:white_bed":11,"ad_astra:engine_fan":3,"ad_astra:fuel_refinery":1,"ad_astra:rocket_fin":8,"minecraft:oak_planks":104,"minecraft:cobblestone_slab":1,"ad_astra:launch_pad":2,"minecraft:lightning_rod":3,"minecraft:stone":5,"minecraft:hopper":8,"promenade:sakura_planks":328,"minecraft:chest":38,"minecraft:crafting_table":16,"minecraft:spruce_planks":936,"minecraft:wooden_pickaxe":4,"minecraft:iron_helmet":1,"minecraft:birch_planks":124,"betternether:rubeus_planks":4,"minecraft:iron_chestplate":5,"minecraft:stick":185,"minecraft:iron_ingot":109,"minecraft:redstone_torch":2,"techreborn:rubber_pressure_plate":2,"minecraft:shears":1,"techreborn:rubber_planks":80,"ad_astra:iron_rod":44,"minecraft:tripwire_hook":2,"minecraft:fishing_rod":1,"minecraft:spruce_button":676,"minecraft:blast_furnace":1,"minecraft:furnace":4,"minecraft:stone_button":2,"minecraft:piston":2,"minecraft:glass_pane":16,"minecraft:scaffolding":36,"betternether:willow_planks":28,"ironchests:blank_chest_upgrade":1,"ad_astra:steel_tank":4,"minecraft:iron_axe":2,"ad_astra:oxygen_tank":5,"minecraft:iron_hoe":1,"ad_astra:nasa_workbench":1,"grassoverhaul:dirt_sod_stairs":12,"travelersbackpack:backpack_tank":2,"minecraft:iron_sword":3,"minecraft:bucket":5,"minecraft:stone_axe":2,"minecraft:bread":93,"minecraft:air":0,"techreborn:rubber_button":1,"minecraft:white_wool":596,"techreborn:copper_cable":12,"minecraft:torch":20},"minecraft:used":{"minecraft:beetroot":1,"minecraft:ladder":2,"minecraft:chest":28,"minecraft:stone":16,"lootr:trophy":3,"minecraft:rotten_flesh":4,"simplyswords:gold_katana":26,"minecraft:snowball":152,"vinery:taiga_grape_seeds_red":2,"minecraft:spruce_boat":13,"techreborn:rubber_planks":35,"friendsandfoes:totem_of_illusion":1,"simplyswords:iron_longsword":150,"minecraft:stone_brick_stairs":1,"ad_astra:oxygen_loader":1,"croptopia:blackberry_seed":6,"supplementaries:ash":10,"mutantmonsters:hulk_hammer":24,"minecraft:furnace":1,"minecraft:potato":4,"simplyswords:soulpyre":1,"simplyswords:ribboncleaver":168,"simplyswords:brimstone_claymore":1,"minecraft:wooden_pickaxe":35,"minecraft:composter":12,"grassoverhaul:dirt_sod_stairs":30,"simplyswords:bramblethorn":1,"minecraft:golden_apple":11,"minecraft:sand":2,"promenade:cotton_sakura_sapling":15,"minecraft:blast_furnace":1,"promenade:sakura_planks":94,"minecraft:crying_obsidian":1,"paladins:paladin_armor_feet":1,"minecraft:zombie_head":2,"minecraft:stone_button":66,"ad_astra:fuel_bucket":28,"ad_astra:launch_pad":3,"travelersbackpack:magma_cube":1,"minecraft:dark_oak_fence":2,"ad_astra:fuel_refinery":4,"minecraft:stone_sword":8,"minecraft:netherrack":704,"minecraft:stick":29,"minecraft:torch":54,"minecraft:chipped_anvil":1,"simplyswords:diamond_scythe":1,"minecraft:iron_axe":364,"minecraft:spruce_button":681,"mutantmonsters:creeper_shard":144,"ae2:sky_stone_block":4,"spellbladenext:fire_claymore":4,"techreborn:copper_cable":10,"minecraft:barrel":3,"minecraft:smooth_basalt":6,"minecraft:bamboo":33,"twigs:bamboo_leaves":3,"minecraft:tripwire_hook":2,"minecraft:gunpowder":1,"minecraft:goat_horn":1,"minecraft:cobbled_deepslate":5,"minecraft:wheat_seeds":48,"comforts:sleeping_bag_light_gray":1,"minecraft:water_bucket":16,"minecraft:lead":1,"promenade:sakura_log":70,"minecraft:crafting_table":29,"minecraft:white_bed":11,"minecraft:spruce_log":1,"ad_astra:nasa_workbench":1,"minecraft:diamond_pickaxe":25,"minecraft:diamond_shovel":491,"minecraft:iron_pickaxe":1935,"create:water_wheel":1,"mythicmounts:firebird_feather":1,"herbalbrews:tea_blossom":2,"travelersbackpack:standard":4,"minecraft:cobblestone":198,"minecraft:potion":1,"minecraft:cooked_porkchop":14,"minecraft:glass_pane":15,"betternether:rubeus_crafting_table":1,"beachparty:rubber_ring_pelican":2,"minecraft:blue_terracotta":62,"minecraft:iron_shovel":1348,"minecraft:oak_sign":3,"minecraft:diamond_hoe":118,"minecraft:bone_block":16,"minecraft:shield":45,"minecraft:iron_sword":37,"minecraft:iron_chestplate":2,"minecraft:carrot":274,"minecraft:obsidian":10,"spellbladenext:glacial_gladius":28,"minecraft:honey_bottle":6,"archers:ranger_armor_feet":1,"betternether:nether_ruby_ore":3,"betternether:willow_planks":19,"minecraft:golden_sword":10,"minecraft:birch_trapdoor":2,"minecraft:magma_block":3,"minecraft:gray_bed":1,"bewitchment:garlic":5,"minecraft:wither_skeleton_skull":3,"minecraft:stone_pickaxe":2318,"paladins:diamond_claymore":2,"paladins:diamond_great_hammer":33,"ad_astra:compressor":1,"minecraft:chainmail_helmet":1,"minecraft:sugar_cane":67,"minecraft:diamond_axe":53,"minecraft:mushroom_stew":1,"betternether:geyser":2,"minecraft:deepslate_redstone_ore":23,"minecraft:lingering_potion":1,"minecraft:shears":1,"simplyswords:mjolnir":109,"minecraft:lever":1,"minecraft:bread":165,"minecraft:cyan_bed":1,"minecraft:string":2,"minecraft:iron_door":9,"minecraft:deepslate":5,"minecraft:gravel":68,"promenade:sakura_door":2,"minecraft:bone_meal":324,"minecraft:stone_shovel":302,"minecraft:spruce_planks":15,"fishofthieves:earthworms":2,"minecraft:dirt":353,"minecraft:white_carpet":70,"minecraft:hopper":8,"ad_astra:tier_1_rocket":3,"promenade:sakura_boat":27,"minecraft:iron_hoe":27,"minecraft:iron_boots":1,"promenade:sakura_slab":197,"minecraft:light_gray_wool":9,"minecraft:golden_carrot":38,"minecraft:emerald_block":1,"minecraft:soul_soil":1,"techreborn:rubber_button":3,"ad_astra:coal_generator":1,"techreborn:rubber_pressure_plate":2,"soulsweapons:moonstone_pickaxe":499,"simplyswords:gold_rapier":23,"minecraft:lime_bed":6,"simplyswords:gold_twinblade":32,"travelersbackpack:wolf":1,"minecraft:piston":43,"bewitchment:belladonna_seeds":10,"minecraft:apple":5,"mcdw:sword_katana":36,"minecraft:cracked_nether_bricks":1,"simplyswords:wickpiercer":4,"minecraft:stone_axe":149,"twigs:twig":2,"twigs:bronzed_seashell":12,"minecraft:fishing_rod":29,"minecraft:white_banner":2,"betternether:nether_ruby_pickaxe":2238,"minecraft:bucket":131,"minecraft:yellow_bed":3,"minecraft:gray_wool":2},"minecraft:broken":{"minecraft:iron_chestplate":2,"minecraft:iron_leggings":1,"minecraft:golden_sword":1,"simplyswords:gold_rapier":1,"simplyswords:gold_katana":1,"minecraft:iron_axe":1,"minecraft:iron_pickaxe":7,"minecraft:iron_shovel":6,"simplyswords:gold_twinblade":1,"minecraft:stone_pickaxe":19,"paladins:paladin_armor_feet":1,"paladins:priest_robe_head":1,"minecraft:stone_shovel":2,"betternether:nether_ruby_helmet":1,"simplyswords:iron_longsword":1,"minecraft:leather_boots":1},"minecraft:custom":{"minecraft:interact_with_crafting_table":373,"minecraft:bell_ring":4,"minecraft:eat_cake_slice":8,"minecraft:leave_game":28,"minecraft:time_since_death":108696,"minecraft:damage_blocked_by_shield":2407,"minecraft:play_time":1319106,"minecraft:deaths":44,"minecraft:jump":15861,"minecraft:interact_with_furnace":41,"minecraft:sleep_in_bed":52,"minecraft:damage_dealt":30409,"minecraft:inspect_dispenser":2,"minecraft:horse_one_cm":568719,"minecraft:interact_with_anvil":25,"minecraft:inspect_hopper":4,"minecraft:sneak_time":77707,"minecraft:interact_with_lectern":3,"minecraft:interact_with_blast_furnace":151,"minecraft:total_world_time":1319106,"minecraft:tune_noteblock":30,"minecraft:time_since_rest":5667,"minecraft:swim_one_cm":62257,"minecraft:fly_one_cm":3084618,"minecraft:open_chest":528,"minecraft:fish_caught":8,"minecraft:fall_one_cm":616495,"lootr:looted_stat":138,"minecraft:damage_resisted":40,"minecraft:sprint_one_cm":3522000,"minecraft:drop":631,"minecraft:play_noteblock":88,"minecraft:talked_to_villager":44,"minecraft:interact_with_brewingstand":3,"minecraft:walk_on_water_one_cm":199355,"minecraft:player_kills":4,"minecraft:crouch_one_cm":313835,"minecraft:mob_kills":158,"minecraft:damage_dealt_resisted":0,"minecraft:climb_one_cm":37622,"minecraft:walk_one_cm":3227681,"minecraft:raid_win":1,"minecraft:walk_under_water_one_cm":92990,"minecraft:boat_one_cm":117804,"minecraft:raid_trigger":1,"minecraft:hex":0,"minecraft:damage_taken":35705,"minecraft:damage_absorbed":407,"minecraft:threat":16},"minecraft:mined":{"minecraft:white_bed":2,"betternether:bone_block":3,"minecraft:red_nether_bricks":7,"minecraft:obsidian":4,"minecraft:granite":5,"vinery:taiga_grape_bush_red":1,"minecraft:stone_brick_wall":1,"minecraft:coal_block":1,"botania:black_double_flower":1,"betternether:jungle_moss":12,"betternether:rubeus_crafting_table":1,"travelersbackpack:wolf":1,"minecraft:chiseled_stone_bricks":1,"minecraft:spawner":1,"minecraft:polished_blackstone_bricks":9,"minecraft:magma_block":36,"create:speedometer":1,"minecraft:fire":27,"minecraft:barrel":3,"minecraft:sculk_shrieker":8,"betternether:willow_trunk":7,"croptopia:apple_crop":16,"minecraft:white_banner":1,"minecraft:tripwire":8,"betternether:eyeball":1,"minecraft:smoker":1,"minecraft:powder_snow":11,"minecraft:blast_furnace":1,"minecraft:nether_brick_slab":1,"indrev:sulfur_crystal":1,"minecraft:sugar_cane":34,"bewitchment:belladonna":6,"minecraft:bricks":4,"regions_unexplored:glister_bulb":2,"minecraft:wheat":38,"minecraft:stone_brick_stairs":4,"betternether:egg_plant":35,"minecraft:grass":37,"regions_unexplored:clover":3,"minecraft:zombie_wall_head":1,"minecraft:smooth_basalt":23,"minecraft:piston":43,"minecraft:deepslate":84,"croptopia:orange_crop":2,"minecraft:mossy_cobblestone":6,"minecraft:nether_brick_wall":1,"farmersdelight:wild_carrots":6,"minecraft:nether_bricks":37,"minecraft:dark_oak_fence":4,"minecraft:redstone_wire":2,"techreborn:bauxite_ore":1,"minecraft:red_mushroom":2,"minecraft:snow":117,"travelersbackpack:magma_cube":1,"minecraft:andesite":9,"betternether:wall_mushroom_brown":6,"betternether:feather_fern":1,"twigs:bronzed_seashell":1,"minecraft:potatoes":1,"promenade:snowy_spruce_leaves":4,"minecraft:bamboo_sapling":1,"minecraft:bamboo":28,"ae2:sky_stone_block":5,"minecraft:bone_block":51,"promenade:sakura_log":35,"minecraft:glass_pane":9,"lootr:lootr_barrel":3,"minecraft:chiseled_nether_bricks":1,"minecraft:comparator":1,"minecraft:soul_sand":1,"minecraft:brown_carpet":1,"minecraft:stone_brick_slab":3,"betternether:rubeus_bark":1,"minecraft:spruce_button":10,"bewitchment:aconite":1,"minecraft:emerald_ore":1,"bewitchment:garlic":5,"minecraft:campfire":1,"betternether:bone_stairs":7,"minecraft:copper_ore":1,"promenade:sakura_planks":9,"minecraft:diorite":9,"minecraft:coarse_dirt":2,"betternether:jungle_plant":10,"techreborn:cinnabar_ore":2,"create:gearbox":2,"twigs:tangerine_seashell":1,"techreborn:copper_cable":10,"minecraft:white_carpet":16,"minecraft:spruce_log":8,"minecraft:birch_leaves":2,"betternether:wall_mushroom_red":2,"croptopia:blackberry_crop":4,"minecraft:gravel":94,"minecraft:cobweb":10,"minecraft:polished_blackstone":1,"minecraft:stone_bricks":9,"minecraft:chipped_anvil":1,"minecraft:fern":2,"grassoverhaul:dirt_sod_stairs":20,"minecraft:spruce_planks":7,"minecraft:stone_pressure_plate":5,"minecraft:farmland":6,"betternether:nether_reed_stem":2,"minecraft:sculk_vein":2,"minecraft:grass_block":264,"twigs:twig":8,"promenade:blush_sakura_blossom_pile":20,"modern_industrialization:lignite_coal_ore":3,"minecraft:soul_soil":2,"minecraft:composter":6,"betternether:cincinnasite_ore":4,"minecraft:gilded_blackstone":33,"minecraft:glowstone":16,"minecraft:iron_ore":15,"supplementaries:stick":14,"ad_astra:fuel_refinery":4,"betternether:bone_mushroom":1,"minecraft:deepslate_redstone_ore":47,"lootr:lootr_chest":1,"betternether:golden_vine":2,"minecraft:blackstone":10,"promenade:blush_sakura_blossoms":1,"indrev:nikolite_ore":4,"minecraft:calcite":28,"techreborn:deepslate_tin_ore":1,"techreborn:rubber_button":1,"minecraft:nether_quartz_ore":6,"minecraft:wither_skeleton_wall_skull":2,"minecraft:cobblestone":56,"botania:blue_mystical_flower":1,"comforts:sleeping_bag_light_gray":1,"minecraft:iron_door":7,"betternether:nether_ruby_ore":7,"betternether:magma_flower":4,"minecraft:wall_torch":5,"modern_industrialization:deepslate_lignite_coal_ore":5,"minecraft:blue_terracotta":54,"lootr:trophy":2,"betternether:willow_leaves":2,"minecraft:birch_log":5,"betternether:geyser":4,"minecraft:light_gray_wool":15,"herbalbrews:tea_plant":2,"regions_unexplored:glistering_bloom":1,"minecraft:oak_log":59,"minecraft:beetroots":1,"create:sequenced_gearshift":1,"minecraft:sand":154,"minecraft:dirt":981,"minecraft:infested_cracked_stone_bricks":1,"create:encased_chain_drive":10,"minecraft:netherrack":2328,"minecraft:oak_leaves":4,"regions_unexplored:glistering_nylium":2,"minecraft:emerald_block":1,"minecraft:nether_gold_ore":4,"minecraft:crying_obsidian":2,"minecraft:tuff":6,"minecraft:deepslate_diamond_ore":1,"minecraft:candle":4,"regions_unexplored:pink_lupine":1,"minecraft:stone_button":16,"regions_unexplored:glistering_fern":3,"techreborn:sphalerite_ore":1,"minecraft:soul_campfire":1,"farmersdelight:tomatoes":1,"regions_unexplored:overgrown_bone_block":3,"minecraft:spruce_leaves":1,"frostiful:hot_sun_lichen":1,"minecraft:cracked_nether_bricks":17,"minecraft:hay_block":19,"minecraft:carrots":155,"minecraft:polished_basalt":1,"create:scorchia":4,"treechop:chopped_log":53,"ae2:mysterious_cube":1,"minecraft:nether_brick_fence":2,"betternether:wall_moss":6,"minecraft:bookshelf":2,"bewitchment:salt_ore":44,"minecraft:packed_ice":4,"betternether:nether_lapis_ore":3,"minecraft:stone":3607,"minecraft:podzol":87,"minecraft:snow_block":658,"minecraft:basalt":43,"minecraft:spruce_door":1,"minecraft:crafting_table":16,"betternether:rubeus_log":1,"twigs:roseate_seashell":1,"minecraft:andesite_slab":1,"minecraft:sculk_sensor":18,"minecraft:lectern":2,"betternether:rubeus_leaves":11,"minecraft:sculk":36,"promenade:sakura_slab":8,"supplementaries:urn":5,"minecraft:gray_wool":10,"minecraft:lime_bed":6,"techreborn:rubber_planks":12,"betternether:blooming_vine":1,"bewitchment:elder_leaves":1,"minecraft:gray_bed":2,"mythicmounts:firebird_feather2":1,"minecraft:yellow_bed":3,"minecraft:coal_ore":106,"ad_astra:oxygen_loader":1,"ad_astra:coal_generator":1,"minecraft:gray_carpet":4,"minecraft:cracked_stone_bricks":13,"minecraft:terracotta":3,"regions_unexplored:glistering_ivy_plant":1,"minecraft:mossy_stone_bricks":23,"create:andesite_encased_shaft":19},"minecraft:dropped":{"betternether:wall_mushroom_red":1,"minecraft:glass_bottle":2,"minecraft:diamond":2,"minecraft:cooked_porkchop":5,"promenade:sakura_planks":206,"techreborn:bauxite_ore":1,"minecraft:saddle":1,"techreborn:rubber_sapling":1,"promenade:blush_sakura_sapling":2,"betternether:nether_reed_stem":16,"brewery:table":1,"minecraft:emerald":1,"twigs:pebble":7,"minecraft:dirt":151,"minecraft:dark_oak_fence":1,"create:scorchia":1,"minecraft:gold_nugget":1,"minecraft:bone_meal":3,"minecraft:sand":128,"minecraft:fishing_rod":1,"minecraft:white_wool":497,"minecraft:bone":4,"bewitchment:salt":9,"minecraft:cobbled_deepslate":13,"minecraft:birch_sapling":5,"minecraft:wheat":1,"minecraft:rotten_flesh":16,"minecraft:oak_planks":36,"minecraft:white_bed":9,"minecraft:salmon":1,"supplementaries:flax_seeds":3,"techreborn:sphalerite_dust":1,"soulsweapons:moonstone_pickaxe":1,"simplyswords:mjolnir":3,"minecraft:red_nether_bricks":1,"minecraft:glass":1,"minecraft:crying_obsidian":1,"minecraft:stone_brick_stairs":2,"mcdw:sword_katana":1,"minecraft:iron_ingot":25,"minecraft:wheat_seeds":9,"betternether:feather_fern":19,"minecraft:feather":14,"minecraft:cobblestone":671,"minecraft:apple":2,"promenade:sakura_slab":2,"minecraft:granite":5,"minecraft:chainmail_helmet":1,"minecraft:coal_block":1,"minecraft:pufferfish":1,"ad_astra:sky_stone":6,"techreborn:rubber_log":2,"minecraft:gray_bed":1,"artifacts:plastic_drinking_hat":1,"travelersbackpack:blank_upgrade":1,"minecraft:chainmail_leggings":1,"minecraft:iron_shovel":3,"minecraft:string":2647,"minecraft:lily_pad":1,"minecraft:gray_carpet":3,"minecraft:spruce_sapling":65,"minecraft:stone_brick_slab":2,"minecraft:bricks":4,"minecraft:stone_sword":4,"minecraft:bowl":2,"minecraft:deepslate":1,"mcdw:sickle_last_laugh_gold":1,"regions_unexplored:clover":3,"minecraft:iron_boots":3,"minecraft:nether_bricks":15,"minecraft:oak_sign":6,"minecraft:polished_deepslate_stairs":1,"betternether:nether_ruby_pickaxe":1,"betternether:geyser":2,"simplyswords:soulpyre":1,"minecraft:cobblestone_slab":12,"minecraft:stone":66,"bewitchment:mandrake_seeds":1,"simplyswords:storms_edge":1,"minecraft:spruce_trapdoor":1,"minecraft:spruce_planks":140,"minecraft:diamond_pickaxe":2,"minecraft:stone_bricks":1,"minecraft:bamboo":19,"minecraft:bow":2,"minecraft:blue_orchid":1,"croptopia:anchovy":1,"minecraft:magma_block":8,"minecraft:brick_slab":1,"regions_unexplored:blue_lupine":2,"minecraft:terracotta":2,"minecraft:spruce_sign":1,"betternether:willow_planks":4,"minecraft:candle":3,"minecraft:brown_mushroom":2,"minecraft:diamond_axe":3,"minecraft:oak_log":156,"minecells:electric_whip":1,"fishofthieves:pondie":1,"minecraft:lantern":1,"minecraft:leather":9,"jewelry:iron_ring":2,"modern_industrialization:lignite_coal_ore":3,"botania:black_petal":4,"minecraft:cod":2,"mythicmobs:chupacabra_raw_meat":1,"betternether:wall_mushroom_brown":2,"minecraft:snowball":1414,"minecraft:gilded_blackstone":6,"croptopia:crab":1,"twigs:twig":15,"minecraft:gold_ingot":1,"minecraft:gravel":9,"minecraft:blackstone":1,"betternether:jungle_moss":4,"minecraft:andesite_slab":1,"minecraft:diamond_shovel":2,"bewitchment:belladonna":6,"minecraft:carrot":158,"minecells:quick_bow":1,"supplementaries:ash":1,"minecraft:gunpowder":3,"minecraft:birch_trapdoor":4,"minecraft:beetroot_seeds":6,"minecraft:stone_brick_wall":2,"minecraft:chest":2,"spellbladenext:fire_claymore":1,"minecraft:arrow":8,"minecraft:basalt":13,"minecraft:cracked_nether_bricks":3,"minecraft:quartz":1,"minecraft:netherrack":1204,"minecraft:bread":51,"twigs:bamboo_leaves":28,"mythicmounts:firebird_feather":2,"techreborn:raw_lead":1,"ae2:sky_stone_block":1,"minecraft:lead":1,"croptopia:blackberry":3,"simplyswords:flamewind":1,"minecraft:stick":7,"minecraft:diorite":9,"paladins:diamond_great_hammer":1,"minecraft:fire_charge":1,"archers:ranger_armor_feet":1,"minecraft:bucket":8,"minecraft:bubble_coral":3,"minecraft:blue_terracotta":41,"promenade:cotton_sakura_sapling":1,"minecraft:coarse_dirt":1,"minecraft:blaze_rod":5,"twigs:roseate_seashell":1,"simplyswords:ribboncleaver":1,"promenade:sakura_log":16,"simplyswords:brimstone_claymore":1,"minecraft:iron_hoe":2,"spellbladenext:frost_orb":1,"betternether:rubeus_log":5,"minecraft:totem_of_undying":1,"betternether:lapis_pile":36,"twigs:tangerine_seashell":1,"minecraft:shield":1,"fishofthieves:earthworms":56,"minecraft:iron_chestplate":7,"minecraft:andesite":6,"minecraft:mossy_stone_bricks":9,"simplyswords:iron_longsword":1,"mythicmounts:firebird_feather2":3,"minecraft:spruce_log":55,"minecraft:wooden_pickaxe":3,"minecraft:stone_pickaxe":11,"minecraft:magma_cream":5,"minecraft:calcite":2},"minecraft:killed_by":{"mutantmonsters:mutant_creeper":3,"minecraft:zombie":1,"adventurez:soul_reaper":1,"minecraft:creeper":1,"mutantmonsters:creeper_minion":1,"minecraft:player":6,"minecraft:spider":1,"adventurez:blaze_guardian":2,"minecraft:skeleton":10},"minecraft:killed":{"betternether:skull":1,"promenade:sunken_skeleton":4,"betternether:firefly":1,"minecraft:skeleton":18,"minecraft:chicken":1,"minecraft:magma_cube":3,"naturalist:firefly":1,"minecraft:pillager":4,"tinyskeletons:baby_skeleton":1,"minecraft:zombie":27,"minecells:shieldbearer":1,"minecraft:evoker":1,"minecraft:vindicator":2,"minecraft:horse":2,"graveyard:ghoul":5,"mythicmobs:drake":1,"minecraft:zombified_piglin":4,"minecraft:witch":1,"graveyard:skeleton_creeper":1,"minecraft:spider":8,"minecraft:silverfish":2,"minecells:leaping_zombie":2,"frostiful:chillager":2,"minecraft:zombie_villager":1,"minecraft:strider":2,"minecraft:creeper":5,"minecraft:blaze":11,"minecraft:vex":1,"promenade:duck":4,"bewitchment:ghost":2,"vinery:mule":1,"mythicmobs:chupacabra":1,"betternether:naga":5,"naturalist:butterfly":1,"naturalist:lizard_tail":1,"tinyskeletons:baby_wither_skeleton":1,"minecraft:wither_skeleton":12,"minecraft:player":4,"minecraft:villager":2}},"DataVersion":3465}