{"stats":{"minecraft:picked_up":{"minecraft:iron_chestplate":1,"bewitchment:elder_fence":1,"minecraft:wheat":202,"travelersbackpack:bat":1,"minecraft:lead":48,"regions_unexplored:glistering_sprout":9,"minecraft:gilded_blackstone":31,"betternether:birch_chair":3,"betternether:nether_reed_stem":2,"minecraft:string":375,"minecraft:raw_copper":28,"minecraft:iron_leggings":1,"minecraft:pufferfish":1,"techreborn:galena_ore":1,"minecraft:beetroot":1,"promenade:sakura_boat":2,"promenade:sakura_log":361,"minecraft:gold_nugget":12,"create:mechanical_press":2,"minecraft:cobbled_deepslate":4,"minecraft:bucket":4,"farmersdelight:cabbage":1,"minecraft:spruce_planks":57,"twigs:pebble":5,"minecraft:bubble_coral":3,"minecraft:calcite":29,"techreborn:rubber_log":15,"minecraft:iron_pickaxe":3,"minecraft:enchanted_golden_apple":1,"immersive_melodies:triangle":1,"farmersdelight:cabbage_seeds":2,"minecraft:iron_boots":1,"minecraft:furnace":2,"minecraft:stick":32,"farmersdelight:rotten_tomato":1,"techreborn:rubber_fence_gate":1,"minecraft:birch_trapdoor":5,"minecraft:oak_fence":1,"croptopia:blackberry_seed":55,"minecraft:torch":28,"botania:yellow_mystical_flower":1,"bewitchment:belladonna":13,"minecraft:spruce_stairs":184,"minecraft:pink_carpet":8,"twigs:bamboo_leaves":135,"spellbladenext:frost_orb":1,"promenade:sakura_fence_gate":2,"minecraft:pointed_dripstone":20,"promenade:sakura_door":1,"minecraft:rotten_flesh":11,"animal_feeding_trough:feeding_trough":1,"botania:light_gray_mystical_flower":1,"minecraft:obsidian":13,"betternether:feather_fern":1,"soulsweapons:moonstone_pickaxe":2,"twigs:tangerine_seashell":1,"minecraft:cod":2,"minecraft:snowball":1023,"minecraft:cobblestone":420,"minecraft:birch_log":101,"minecraft:magma_block":30,"travelersbackpack:iron_golem":1,"brewery:beer_mug":1,"minecraft:feather":1,"minecraft:magma_cream":9,"minecraft:andesite":1,"regions_unexplored:flowering_shrub":1,"promenade:cotton_sakura_sapling":24,"minecraft:potato":75,"herbalbrews:tea_blossom":8,"mythicmounts:firebird_feather2":21,"minecraft:flint":6,"brewery:corn_seeds":11,"minecraft:tuff":10,"betternether:magma_flower":3,"farmersdelight:tomato":19,"minecraft:dirt":955,"minecraft:lantern":7,"minecraft:glass":11,"minecraft:bone":3,"betternether:geyser":19,"minecraft:bow":1,"minecraft:wheat_seeds":626,"botania:purple_mystical_flower":1,"minecraft:bell":1,"fishofthieves:earthworms":156,"create:shaft":2,"promenade:blush_sakura_blossoms":74,"minecraft:mossy_stone_bricks":6,"minecraft:bamboo":324,"twigs:twig":126,"croptopia:roe":20,"create:cogwheel":1,"regions_unexplored:salmonberry":7,"croptopia:blackberry":24,"fishofthieves:pondie":7,"minecraft:sand":283,"herbalbrews:hibiscus":1,"minecraft:ink_sac":1,"minecraft:cyan_bed":3,"techreborn:sapphire_gem":5,"techreborn:rubber_sapling":7,"techreborn:red_garnet_gem":2,"naturalist:duck_egg":1,"indrev:sulfur_crystal":1,"techreborn:peridot_gem":1,"minecraft:iron_hoe":1,"beachparty:rubber_ring_pelican":1,"minecraft:diamond":2,"minecraft:soul_lantern":9,"minecraft:lever":2,"minecraft:crossbow":1,"minecraft:granite":11,"minecraft:grass":2,"minecraft:bone_meal":3,"minecraft:chainmail_helmet":2,"minecraft:golden_apple":9,"soulsweapons:verglas":1,"minecraft:spruce_sign":1,"minecraft:emerald":11,"minecraft:bread":9,"bewitchment:ectoplasm":2,"minecraft:oak_sapling":1,"minecraft:netherrack":43,"minecraft:dark_oak_fence":1,"minecraft:bricks":1,"minecraft:oak_leaves":1,"bewitchment:elder_stairs":10,"minecraft:diamond_pickaxe":1,"modern_industrialization:lignite_coal":21,"betternether:golden_vine":3,"minecraft:coarse_dirt":2,"minecraft:cocoa_beans":9,"minecraft:crafting_table":2,"minecraft:chicken":1,"minecraft:clay_ball":32,"promenade:blush_sakura_sapling":99,"supplementaries:globe":1,"minecraft:iron_axe":1,"bewitchment:elder_log":81,"promenade:sakura_sign":2,"minecraft:item_frame":3,"minecraft:white_carpet":8,"minecraft:iron_shovel":1,"botania:magenta_mystical_flower":4,"twigs:opaline_seashell":1,"minecraft:blue_orchid":6,"techreborn:raw_silver":3,"minecraft:cracked_stone_bricks":2,"bewitchment:elder_planks":2,"mythicmounts:firebird_feather":9,"minecraft:player_head":9,"minecraft:poppy":6,"minecraft:spruce_slab":5,"regions_unexplored:glister_spire":1,"betternether:netherrack_stalactite":7,"minecraft:chest":4,"minecraft:birch_sapling":33,"minecraft:spruce_trapdoor":20,"minecraft:egg":2,"minecraft:raw_iron":146,"minecraft:spruce_fence":38,"techreborn:ruby_gem":4,"minecraft:fire_charge":1,"farmersdelight:tomato_seeds":14,"minecraft:cookie":1,"minecraft:carrot":486,"minecraft:stone_pressure_plate":3,"betternether:egg_plant":1,"promenade:sakura_planks":31,"minecraft:arrow":18,"bewitchment:garlic":51,"minecraft:peony":18,"minecraft:nether_bricks":3,"minecraft:hay_block":4,"botania:blue_mystical_flower":1,"jewelry:iron_ring":1,"brewery:corn":3,"minecraft:totem_of_undying":1,"botania:green_mystical_flower":1,"minecraft:skeleton_skull":2,"minecraft:white_wool":73,"minecraft:lime_bed":1,"regions_unexplored:glistering_fern":1,"minecraft:basalt":1,"minecraft:golden_carrot":12,"minecraft:salmon":21,"croptopia:crab":1,"minecraft:leather":6,"minecraft:red_mushroom":1,"minecraft:birch_planks":8,"fishofthieves:grubs":24,"minecraft:oak_log":7,"minecraft:yellow_bed":7,"vinery:taiga_grapes_red":40,"bewitchment:aconite_seeds":5,"bewitchment:elder_sapling":55,"minecraft:white_banner":2,"minecells:health_flask":5,"botania:light_blue_mystical_flower":2,"botania:black_mystical_flower":2,"mcdw:sword_katana":1,"naturalist:bass":2,"minecraft:stone_bricks":8,"minecraft:apple":7,"regions_unexplored:glistering_ivy":3,"minecraft:iron_ingot":1,"croptopia:anchovy":1,"minecraft:cooked_chicken":1,"herbalbrews:green_tea_leaf":6,"minecraft:stripped_oak_wood":2,"farmersdelight:dark_oak_cabinet":5,"betternether:willow_torch":9,"minecraft:soul_sand":18,"minecraft:dark_oak_stairs":2,"minecraft:scaffolding":7,"botania:purple_double_flower":1,"minecraft:emerald_block":1,"betternether:black_bush":4,"minecraft:pumpkin":26,"minecraft:chiseled_stone_bricks":3,"vinery:taiga_grape_seeds_red":41,"twigs:birch_table":2,"minecraft:dandelion":2,"minecraft:quartz":2,"minecraft:cracked_nether_bricks":1,"minecraft:gravel":3,"bewitchment:belladonna_seeds":19,"powah:uraninite_raw":1,"bewitchment:salt":20,"minecraft:spruce_sapling":41,"minecraft:white_bed":1,"minecraft:spruce_log":418,"minecraft:spider_eye":1,"minecraft:brick_slab":1,"minecraft:diamond_shovel":1,"minecraft:slime_ball":14,"modern_industrialization:raw_nickel":1,"naturalist:cooked_lizard_tail":1,"betternether:willow_sapling":3,"winterly:frozen_flower":1,"promenade:sakura_slab":4,"minecraft:coal":80},"minecraft:crafted":{"minecraft:brick":6,"minecraft:black_dye":1,"minecraft:yellow_wool":2,"minecraft:oak_planks":32,"twigs:birch_table":2,"croptopia:blackberry_seed":6,"minecraft:birch_slab":12,"minecraft:stone":14,"minecraft:pink_carpet":41,"naturalist:cooked_bass":2,"brewery:beer_mug":8,"minecraft:bamboo_block":16,"minecraft:glass":150,"minecraft:hopper":1,"promenade:sakura_planks":480,"promenade:sakura_slab":36,"croptopia:flour":3,"minecraft:chest":18,"minecraft:stone_hoe":2,"create:cogwheel":1,"minecraft:oak_fence":3,"minecraft:flower_pot":2,"bewitchment:elder_fence":42,"minecraft:item_frame":1,"minecraft:oak_slab":6,"minecraft:cooked_porkchop":3,"minecraft:crafting_table":3,"techreborn:rubber_fence_gate":2,"minecraft:spruce_planks":1359,"bewitchment:elder_stairs":116,"fishofthieves:cooked_pondie":6,"minecraft:birch_planks":128,"minecraft:pumpkin_seeds":32,"vinery:taiga_grape_seeds_red":29,"minecraft:spruce_trapdoor":19,"minecraft:wooden_hoe":1,"minecraft:pink_wool":27,"minecraft:yellow_dye":2,"minecraft:birch_fence":9,"minecraft:stick":314,"supplementaries:sign_post_spruce":2,"minecraft:iron_ingot":131,"minecraft:iron_pickaxe":1,"bewitchment:elder_planks":324,"promenade:sakura_trapdoor":8,"techreborn:rubber_pressure_plate":1,"minecraft:composter":4,"animal_feeding_trough:feeding_trough":1,"promenade:sakura_door":3,"minecraft:shears":1,"techreborn:rubber_planks":84,"minecraft:stone_shovel":1,"minecraft:fishing_rod":1,"create:brown_toolbox":1,"minecraft:iron_nugget":288,"minecraft:spruce_fence":207,"minecraft:pink_dye":24,"minecraft:white_carpet":45,"create:pink_toolbox":1,"supplementaries:globe":1,"minecraft:flint_and_steel":1,"botania:black_petal":4,"minecraft:scaffolding":128,"minecraft:lantern":34,"minecraft:spruce_stairs":252,"minecraft:iron_axe":3,"minecraft:iron_hoe":1,"minecraft:spruce_slab":258,"archon:water_essence":3,"minecraft:lead":4,"minecraft:cooked_beef":2,"create:andesite_alloy":2,"minecraft:iron_trapdoor":1,"minecraft:spruce_sign":6,"promenade:sakura_fence_gate":12,"immersive_armors:slime_boots":1,"minecraft:bucket":3,"minecraft:stone_axe":3,"betternether:birch_chair":4,"minecraft:air":0,"minecraft:bread":64,"archon:grimoire":1,"minecraft:white_wool":20,"minecraft:birch_trapdoor":4,"botania:magenta_petal":4,"minecraft:wooden_axe":1,"promenade:sakura_sign":3,"minecraft:iron_shovel":1,"the_bumblezone:music_disc_bee_ware_of_the_temple":1,"minecraft:white_bed":1,"create:shaft":8,"minecraft:note_block":1,"minecraft:torch":176},"minecraft:used":{"minecraft:beetroot":1,"minecraft:iron_shovel":834,"minecraft:spruce_slab":165,"minecraft:shield":17,"minecraft:chest":20,"fishofthieves:pondie":1,"minecraft:stone":13,"promenade:sakura_sign":4,"regions_unexplored:salmonberry":6,"minecraft:bell":1,"supplementaries:globe":2,"create:cogwheel":1,"minecraft:nether_bricks":1,"minecraft:carrot":203,"naturalist:cooked_bass":2,"bewitchment:elder_planks":93,"minecraft:snowball":246,"vinery:taiga_grape_seeds_red":52,"minecraft:glass":190,"promenade:blush_sakura_blossoms":57,"farmersdelight:tomato":20,"mythicmounts:firebird_feather2":6,"minecraft:lantern":21,"techreborn:rubber_fence_gate":3,"minecraft:birch_sapling":32,"minecraft:pink_wool":1,"croptopia:blackberry_seed":61,"fishofthieves:cooked_pondie":6,"minecraft:item_frame":2,"minecraft:birch_trapdoor":9,"minecraft:hay_block":2,"minecraft:scaffolding":4,"minecraft:oak_sapling":1,"minecraft:furnace":2,"minecraft:skeleton_skull":1,"minecraft:potato":42,"bewitchment:garlic":48,"betternether:birch_chair":7,"bewitchment:elder_stairs":114,"paladins:diamond_holy_staff":42,"minecraft:blackstone":2,"paladins:diamond_great_hammer":6,"travelersbackpack:iron_golem":4,"minecraft:composter":4,"brewery:corn_seeds":14,"promenade:sakura_fence_gate":14,"minecraft:white_wool":417,"minecraft:golden_apple":1,"minecraft:sand":1,"regions_unexplored:flowering_shrub":1,"minecraft:pumpkin_seeds":10,"promenade:cotton_sakura_sapling":15,"bewitchment:aconite_seeds":2,"minecraft:note_block":1,"bewitchment:elder_sapling":55,"minecraft:shears":105,"minecraft:birch_fence":4,"minecraft:lever":2,"promenade:sakura_planks":481,"minecraft:birch_slab":1,"minecraft:string":2,"minecraft:bread":176,"promenade:blush_sakura_sapling":56,"spellbladenext:frost_blade":1,"minecraft:cyan_bed":2,"ad_astra:fuel_bucket":1,"bewitchment:elder_fence":43,"minecraft:soul_lantern":4,"minecraft:oak_fence":4,"croptopia:blackberry":1,"minecraft:coarse_dirt":2,"promenade:sakura_door":2,"herbalbrews:hibiscus":1,"create:pink_toolbox":1,"minecraft:stone_sword":23,"minecraft:flint_and_steel":1,"minecraft:stone_shovel":8,"spellbladenext:monkeystaff":148,"minecraft:spruce_planks":475,"minecraft:stone_hoe":245,"travelersbackpack:bat":4,"minecraft:netherrack":30,"minecraft:dirt":915,"minecraft:torch":78,"minecraft:white_carpet":42,"minecraft:hopper":1,"minecraft:spruce_stairs":120,"twigs:birch_table":4,"minecraft:pink_carpet":47,"minecraft:spruce_fence":190,"promenade:sakura_boat":1,"minecraft:iron_hoe":248,"minecraft:wooden_axe":70,"minecraft:iron_axe":726,"create:brown_toolbox":2,"promenade:sakura_slab":40,"minecraft:bamboo":4,"minecraft:iron_trapdoor":1,"minecraft:cooked_beef":2,"farmersdelight:tomato_seeds":3,"minecraft:golden_axe":7,"minecraft:wheat_seeds":374,"techreborn:rubber_pressure_plate":1,"minecraft:water_bucket":14,"minecraft:birch_planks":12,"minecraft:lead":1,"soulsweapons:moonstone_pickaxe":25,"farmersdelight:dark_oak_cabinet":4,"minecraft:spruce_sign":5,"promenade:sakura_log":235,"animal_feeding_trough:feeding_trough":2,"minecraft:lime_bed":1,"minecraft:crafting_table":5,"minecraft:white_bed":1,"techreborn:rubber_sapling":6,"minecraft:spruce_log":27,"minecraft:flower_pot":3,"minecraft:wooden_hoe":45,"bewitchment:belladonna_seeds":13,"minecraft:diamond_shovel":106,"minecraft:apple":6,"create:mechanical_press":2,"minecraft:iron_pickaxe":861,"supplementaries:sign_post_spruce":1,"minecraft:suspicious_stew":1,"mcdw:sword_katana":15,"mythicmounts:firebird_feather":3,"herbalbrews:tea_blossom":5,"minecraft:yellow_wool":2,"minecraft:stone_axe":126,"brewery:beer_mug":1,"minecraft:fishing_rod":44,"minecraft:cobblestone":137,"minecraft:white_banner":1,"minecraft:cooked_porkchop":3,"minecraft:bucket":18,"minecraft:yellow_bed":7,"promenade:sakura_trapdoor":5},"minecraft:broken":{"minecraft:iron_shovel":5,"minecraft:iron_boots":1,"minecraft:iron_leggings":1,"minecraft:stone_axe":1,"minecraft:wooden_axe":1,"minecraft:chainmail_helmet":1,"minecraft:stone_hoe":1,"minecraft:iron_axe":3,"minecraft:iron_pickaxe":5,"minecraft:wooden_hoe":1},"minecraft:mined":{"regions_unexplored:salmonberry_bush":3,"minecraft:spruce_planks":27,"promenade:sakura_fence_gate":2,"minecraft:white_bed":1,"minecraft:stone_pressure_plate":3,"minecraft:farmland":1,"bewitchment:elder_fence":1,"betternether:nether_reed_stem":1,"minecraft:sculk_vein":2,"minecraft:obsidian":12,"minecraft:granite":10,"travelersbackpack:iron_golem":1,"vinery:taiga_grape_bush_red":29,"minecraft:grass_block":659,"twigs:birch_table":2,"archon:cloud_iron":1,"modern_industrialization:lignite_coal_ore":20,"promenade:blush_sakura_blossom_pile":19,"botania:light_gray_mystical_flower":1,"minecraft:chiseled_stone_bricks":2,"minecraft:magma_block":28,"botania:purple_mystical_flower":1,"minecraft:iron_ore":148,"minecraft:fire":1,"regions_unexplored:glister_spire":1,"winterly:frozen_grass":6,"minecraft:pumpkin":27,"supplementaries:globe":1,"minecraft:dark_oak_stairs":2,"amendments:wall_lantern":2,"powah:uraninite_ore_poor":1,"botania:light_blue_mystical_flower":2,"minecraft:spruce_slab":4,"minecraft:tripwire":1,"create:mechanical_press":2,"minecraft:player_head":7,"botania:green_mystical_flower":1,"create:cogwheel":1,"betternether:netherrack_stalactite":4,"betternether:golden_vine":3,"minecraft:soul_fire":16,"minecraft:soul_lantern":5,"minecraft:powder_snow":9,"minecraft:clay":8,"minecraft:torch":23,"promenade:blush_sakura_blossoms":90,"minecraft:calcite":26,"minecraft:poppy":7,"botania:purple_double_flower":1,"minecraft:chest":4,"techreborn:rubber_fence_gate":1,"minecraft:glass":4,"farmersdelight:cabbages":1,"minecraft:nether_quartz_ore":2,"minecraft:cobblestone":26,"botania:blue_mystical_flower":1,"minecraft:cyan_bed":3,"bewitchment:belladonna":12,"minecraft:bricks":1,"betternether:magma_flower":1,"botania:black_mystical_flower":2,"minecraft:spruce_sign":1,"minecraft:wall_torch":7,"betternether:birch_chair":3,"minecraft:skeleton_skull":1,"techreborn:silver_ore":1,"betternether:willow_leaves":3,"minecraft:wheat":273,"minecraft:birch_trapdoor":5,"betternether:geyser":22,"minecraft:stripped_oak_wood":2,"herbalbrews:tea_plant":5,"minecraft:grass":65,"minecraft:oak_log":4,"techreborn:galena_ore":1,"brewery:beer_mug":1,"minecraft:dirt":320,"minecraft:sand":135,"minecraft:deepslate":2,"minecraft:emerald_block":1,"vinery:apple_leaves":1,"regions_unexplored:glistering_ivy":3,"minecraft:netherrack":44,"soulsweapons:verglas_ore":1,"regions_unexplored:glistering_sprout":9,"minecraft:oak_leaves":4,"techreborn:sapphire_ore":3,"promenade:sakura_sign":2,"minecraft:tuff":5,"minecraft:pink_carpet":7,"farmersdelight:wild_carrots":1,"herbalbrews:hibiscus":1,"promenade:sakura_door":1,"minecraft:lever":1,"minecraft:spruce_fence":20,"regions_unexplored:glistering_fern":1,"winterly:frozen_flower":1,"farmersdelight:tomatoes":12,"betternether:black_bush":3,"animal_feeding_trough:feeding_trough":1,"mythicmounts:firebird_feather":1,"minecraft:hay_block":4,"botania:magenta_mystical_flower":4,"minecraft:furnace":2,"minecraft:carrots":139,"minecraft:snow":45,"betternether:feather_fern":1,"treechop:chopped_log":93,"minecraft:peony":19,"minecraft:bell":1,"minecraft:potatoes":19,"minecraft:vine":1,"bewitchment:salt_ore":13,"minecraft:lantern":7,"farmersdelight:dark_oak_cabinet":4,"modern_industrialization:deepslate_nickel_ore":1,"regions_unexplored:medium_grass":1,"minecraft:bamboo":2,"promenade:cotton_sakura_blossom_pile":3,"minecraft:stone":329,"minecraft:white_wool":57,"twigs:opaline_seashell":1,"regions_unexplored:flowering_shrub":1,"minecraft:podzol":16,"minecraft:scaffolding":1,"twigs:pebble":2,"promenade:sakura_log":21,"techreborn:deepslate_silver_ore":2,"minecraft:soul_sand":21,"minecraft:basalt":2,"minecraft:dandelion":2,"bewitchment:elder_stairs":12,"minecraft:oak_fence":1,"minecraft:crafting_table":2,"bewitchment:aconite":1,"minecraft:emerald_ore":3,"bewitchment:garlic":30,"brewery:corn_crop":4,"minecraft:copper_ore":9,"minecraft:tall_grass":2,"promenade:cotton_sakura_blossoms":4,"promenade:sakura_planks":22,"promenade:sakura_slab":3,"supplementaries:urn":1,"minecraft:spruce_stairs":26,"minecraft:birch_planks":8,"minecraft:lime_bed":1,"minecraft:coarse_dirt":14,"bewitchment:elder_planks":2,"bewitchment:elder_leaves":28,"techreborn:ruby_ore":3,"twigs:tangerine_seashell":1,"minecraft:ice":16,"minecraft:white_carpet":7,"minecraft:spruce_log":3,"minecraft:birch_leaves":6,"mythicmounts:firebird_feather2":3,"minecraft:yellow_bed":7,"botania:yellow_mystical_flower":1,"minecraft:coal_ore":85,"minecraft:cocoa":3,"croptopia:blackberry_crop":42,"minecraft:gravel":4,"minecraft:cracked_stone_bricks":2,"regions_unexplored:glistering_ivy_plant":2,"minecraft:stone_bricks":5,"minecraft:mossy_stone_bricks":3,"minecraft:fern":5},"minecraft:custom":{"lootr:looted_stat":47,"minecraft:animals_bred":1,"minecraft:interact_with_crafting_table":180,"minecraft:eat_cake_slice":2,"minecraft:leave_game":26,"minecraft:time_since_death":791072,"minecraft:damage_resisted":0,"minecraft:sprint_one_cm":2897047,"minecraft:damage_blocked_by_shield":253,"minecraft:drop":211,"minecraft:play_noteblock":2,"minecraft:talked_to_villager":4,"minecraft:play_time":1131671,"minecraft:deaths":8,"minecraft:jump":14004,"minecraft:walk_on_water_one_cm":85636,"minecraft:interact_with_furnace":49,"minecraft:traded_with_villager":2,"minecraft:sleep_in_bed":88,"minecraft:damage_dealt":5211,"minecraft:crouch_one_cm":9920,"minecraft:interact_with_smithing_table":3,"minecraft:horse_one_cm":7925360,"minecraft:interact_with_smoker":3,"minecraft:interact_with_anvil":3,"minecraft:mob_kills":50,"minecraft:inspect_hopper":1,"minecraft:damage_dealt_resisted":0,"minecraft:climb_one_cm":5278,"minecraft:walk_one_cm":2902742,"minecraft:sneak_time":5906,"minecraft:walk_under_water_one_cm":40074,"minecraft:interact_with_blast_furnace":4,"minecraft:total_world_time":1131671,"minecraft:tune_noteblock":39,"minecraft:pot_flower":3,"minecraft:interact_with_stonecutter":1,"minecraft:hex":0,"minecraft:time_since_rest":357,"minecraft:damage_absorbed":40,"minecraft:damage_taken":11157,"minecraft:swim_one_cm":173353,"minecraft:fly_one_cm":2736792,"minecraft:open_chest":726,"minecraft:fish_caught":1,"minecraft:fall_one_cm":364881},"minecraft:dropped":{"minecraft:soul_sand":18,"minecraft:leather":3,"techreborn:rubber_sapling":1,"promenade:blush_sakura_sapling":36,"minecraft:emerald":2,"bewitchment:aconite_seeds":1,"minecraft:dirt":12,"botania:green_mystical_flower":1,"minecraft:snowball":704,"beachparty:rubber_ring_pelican":1,"minecraft:sand":1,"minecraft:iron_pickaxe":2,"minecraft:gold_ingot":1,"minecraft:gravel":1,"minecraft:birch_sapling":1,"minecraft:obsidian":12,"minecraft:rotten_flesh":3,"minecraft:carrot":21,"minecraft:poppy":6,"minecraft:netherrack":13,"farmersdelight:tomato_seeds":11,"minecraft:stone_hoe":1,"minecraft:bread":6,"twigs:bamboo_leaves":60,"minecraft:wheat_seeds":7,"mythicmounts:firebird_feather":2,"minecraft:cobblestone":9,"minecraft:lead":1,"minecraft:apple":2,"promenade:blush_sakura_blossoms":7,"minecraft:iron_axe":1,"minecraft:iron_shovel":1,"minecraft:string":3,"minecraft:player_head":6,"create:shaft":2,"minecraft:raw_copper":12,"promenade:sakura_sign":1,"minecraft:raw_iron":2,"farmersdelight:cabbage_seeds":2,"minecraft:iron_hoe":1,"fishofthieves:earthworms":20,"minecraft:diamond_chestplate":1,"bewitchment:ectoplasm":2,"herbalbrews:green_tea_leaf":2,"minecraft:blue_orchid":6,"minecraft:calcite":8,"minecraft:cyan_bed":1},"minecraft:killed_by":{"tinyskeletons:baby_skeleton":1},"minecraft:killed":{"naturalist:snail":2,"minecraft:skeleton":5,"frostiful:chillager":2,"minecraft:magma_cube":1,"minecraft:salmon":20,"minecraft:trader_llama":1,"minecraft:pillager":3,"minecraft:zombie":4,"minecraft:vindicator":1,"fishofthieves:pondie":4,"bewitchment:ghost":1,"naturalist:bass":2,"naturalist:lizard":1}},"DataVersion":3465}