{"stats":{"minecraft:picked_up":{"minecraft:iron_chestplate":1,"bewitchment:elder_fence":1,"minecraft:wheat":141,"travelersbackpack:bat":1,"minecraft:lead":46,"regions_unexplored:glistering_sprout":9,"minecraft:gilded_blackstone":31,"betternether:nether_reed_stem":2,"minecraft:string":375,"minecraft:raw_copper":28,"minecraft:iron_leggings":1,"techreborn:galena_ore":1,"minecraft:beetroot":1,"promenade:sakura_log":361,"create:mechanical_press":2,"twigs:pebble":5,"minecraft:bucket":4,"minecraft:gold_nugget":12,"minecraft:cobbled_deepslate":4,"farmersdelight:cabbage":1,"minecraft:spruce_planks":57,"minecraft:bubble_coral":3,"minecraft:calcite":29,"techreborn:rubber_log":15,"minecraft:iron_pickaxe":3,"minecraft:enchanted_golden_apple":1,"immersive_melodies:triangle":1,"farmersdelight:cabbage_seeds":2,"minecraft:iron_boots":1,"minecraft:furnace":2,"minecraft:stick":32,"farmersdelight:rotten_tomato":1,"techreborn:rubber_fence_gate":1,"minecraft:oak_fence":1,"minecraft:torch":28,"croptopia:blackberry_seed":55,"bewitchment:belladonna":13,"minecraft:spruce_stairs":184,"twigs:bamboo_leaves":135,"spellbladenext:frost_orb":1,"minecraft:pointed_dripstone":20,"promenade:sakura_fence_gate":2,"promenade:sakura_door":1,"minecraft:rotten_flesh":7,"animal_feeding_trough:feeding_trough":1,"botania:light_gray_mystical_flower":1,"betternether:feather_fern":1,"minecraft:obsidian":13,"twigs:tangerine_seashell":1,"minecraft:snowball":975,"soulsweapons:moonstone_pickaxe":2,"minecraft:cobblestone":360,"minecraft:birch_log":26,"minecraft:magma_block":30,"travelersbackpack:iron_golem":1,"brewery:beer_mug":1,"minecraft:feather":1,"minecraft:magma_cream":9,"minecraft:andesite":1,"regions_unexplored:flowering_shrub":1,"promenade:cotton_sakura_sapling":24,"minecraft:potato":75,"herbalbrews:tea_blossom":8,"mythicmounts:firebird_feather2":19,"minecraft:flint":6,"brewery:corn_seeds":11,"minecraft:tuff":10,"betternether:magma_flower":3,"farmersdelight:tomato":19,"minecraft:dirt":949,"minecraft:lantern":2,"minecraft:glass":11,"minecraft:bone":1,"betternether:geyser":19,"minecraft:wheat_seeds":458,"minecraft:bell":1,"create:shaft":2,"fishofthieves:earthworms":156,"promenade:blush_sakura_blossoms":74,"minecraft:mossy_stone_bricks":6,"minecraft:bamboo":324,"twigs:twig":116,"create:cogwheel":1,"regions_unexplored:salmonberry":7,"croptopia:blackberry":24,"herbalbrews:hibiscus":1,"minecraft:sand":283,"minecraft:cyan_bed":3,"techreborn:rubber_sapling":7,"techreborn:sapphire_gem":5,"techreborn:red_garnet_gem":2,"naturalist:duck_egg":1,"indrev:sulfur_crystal":1,"techreborn:peridot_gem":1,"minecraft:iron_hoe":1,"beachparty:rubber_ring_pelican":1,"minecraft:diamond":2,"minecraft:soul_lantern":9,"minecraft:lever":2,"minecraft:crossbow":1,"minecraft:granite":11,"minecraft:chainmail_helmet":2,"minecraft:grass":2,"minecraft:golden_apple":9,"soulsweapons:verglas":1,"minecraft:spruce_sign":1,"minecraft:emerald":8,"minecraft:bread":9,"bewitchment:ectoplasm":2,"minecraft:oak_sapling":1,"minecraft:netherrack":43,"minecraft:dark_oak_fence":1,"minecraft:bricks":1,"minecraft:oak_leaves":1,"minecraft:diamond_pickaxe":1,"bewitchment:elder_stairs":10,"minecraft:coarse_dirt":2,"minecraft:crafting_table":2,"minecraft:cocoa_beans":9,"betternether:golden_vine":3,"modern_industrialization:lignite_coal":21,"minecraft:chicken":1,"promenade:blush_sakura_sapling":99,"supplementaries:globe":1,"minecraft:iron_axe":1,"bewitchment:elder_log":81,"promenade:sakura_sign":2,"minecraft:item_frame":3,"minecraft:iron_shovel":1,"botania:magenta_mystical_flower":1,"twigs:opaline_seashell":1,"minecraft:blue_orchid":6,"techreborn:raw_silver":3,"minecraft:cracked_stone_bricks":2,"bewitchment:elder_planks":2,"mythicmounts:firebird_feather":9,"minecraft:player_head":9,"minecraft:poppy":6,"minecraft:spruce_slab":5,"betternether:netherrack_stalactite":7,"regions_unexplored:glister_spire":1,"minecraft:chest":2,"minecraft:birch_sapling":9,"minecraft:spruce_trapdoor":20,"minecraft:egg":2,"minecraft:raw_iron":11,"minecraft:spruce_fence":37,"techreborn:ruby_gem":4,"minecraft:fire_charge":1,"farmersdelight:tomato_seeds":14,"minecraft:cookie":1,"minecraft:carrot":486,"minecraft:stone_pressure_plate":3,"betternether:egg_plant":1,"promenade:sakura_planks":31,"minecraft:arrow":16,"bewitchment:garlic":51,"minecraft:peony":5,"minecraft:nether_bricks":3,"minecraft:hay_block":4,"jewelry:iron_ring":1,"brewery:corn":3,"minecraft:totem_of_undying":1,"botania:green_mystical_flower":1,"minecraft:skeleton_skull":2,"minecraft:white_wool":51,"minecraft:lime_bed":1,"regions_unexplored:glistering_fern":1,"minecraft:basalt":1,"minecraft:golden_carrot":12,"minecraft:leather":6,"minecraft:red_mushroom":1,"fishofthieves:grubs":24,"minecraft:oak_log":7,"minecraft:yellow_bed":2,"vinery:taiga_grapes_red":40,"bewitchment:aconite_seeds":5,"bewitchment:elder_sapling":55,"minecraft:white_banner":2,"minecells:health_flask":5,"botania:light_blue_mystical_flower":2,"mcdw:sword_katana":1,"minecraft:apple":7,"minecraft:stone_bricks":8,"regions_unexplored:glistering_ivy":3,"minecraft:iron_ingot":1,"minecraft:cooked_chicken":1,"herbalbrews:green_tea_leaf":6,"minecraft:stripped_oak_wood":2,"farmersdelight:dark_oak_cabinet":5,"betternether:willow_torch":9,"minecraft:soul_sand":18,"minecraft:dark_oak_stairs":2,"minecraft:emerald_block":1,"betternether:black_bush":4,"minecraft:pumpkin":26,"minecraft:chiseled_stone_bricks":3,"vinery:taiga_grape_seeds_red":41,"minecraft:cracked_nether_bricks":1,"minecraft:quartz":2,"minecraft:dandelion":1,"minecraft:gravel":2,"bewitchment:belladonna_seeds":19,"powah:uraninite_raw":1,"bewitchment:salt":20,"minecraft:spruce_sapling":41,"minecraft:spruce_log":418,"minecraft:spider_eye":1,"minecraft:brick_slab":1,"minecraft:diamond_shovel":1,"minecraft:slime_ball":14,"modern_industrialization:raw_nickel":1,"naturalist:cooked_lizard_tail":1,"betternether:willow_sapling":3,"winterly:frozen_flower":1,"promenade:sakura_slab":4,"minecraft:coal":76},"minecraft:crafted":{"minecraft:oak_planks":32,"croptopia:blackberry_seed":6,"minecraft:stone":14,"brewery:beer_mug":8,"minecraft:bamboo_block":16,"minecraft:glass":150,"promenade:sakura_planks":480,"promenade:sakura_slab":36,"croptopia:flour":3,"minecraft:chest":15,"minecraft:stone_hoe":2,"create:cogwheel":1,"minecraft:oak_fence":3,"bewitchment:elder_fence":42,"minecraft:oak_slab":6,"minecraft:item_frame":1,"minecraft:cooked_porkchop":3,"minecraft:crafting_table":2,"techreborn:rubber_fence_gate":2,"minecraft:spruce_planks":1359,"bewitchment:elder_stairs":116,"minecraft:pumpkin_seeds":32,"vinery:taiga_grape_seeds_red":29,"minecraft:spruce_trapdoor":19,"minecraft:wooden_hoe":1,"minecraft:stick":294,"supplementaries:sign_post_spruce":2,"minecraft:iron_ingot":3,"minecraft:iron_pickaxe":1,"bewitchment:elder_planks":324,"promenade:sakura_trapdoor":8,"minecraft:composter":4,"animal_feeding_trough:feeding_trough":1,"promenade:sakura_door":3,"minecraft:shears":1,"techreborn:rubber_planks":84,"create:brown_toolbox":1,"minecraft:iron_nugget":270,"minecraft:spruce_fence":207,"minecraft:pink_dye":2,"create:pink_toolbox":1,"supplementaries:globe":1,"minecraft:flint_and_steel":1,"minecraft:lantern":32,"minecraft:spruce_stairs":252,"minecraft:iron_axe":3,"minecraft:spruce_slab":258,"minecraft:iron_hoe":1,"archon:water_essence":3,"minecraft:lead":4,"minecraft:cooked_beef":2,"create:andesite_alloy":2,"minecraft:spruce_sign":6,"promenade:sakura_fence_gate":12,"immersive_armors:slime_boots":1,"minecraft:bucket":3,"minecraft:bread":44,"minecraft:air":0,"archon:grimoire":1,"minecraft:wooden_axe":1,"promenade:sakura_sign":3,"minecraft:iron_shovel":1,"the_bumblezone:music_disc_bee_ware_of_the_temple":1,"create:shaft":8,"minecraft:torch":176},"minecraft:used":{"minecraft:beetroot":1,"minecraft:iron_shovel":834,"minecraft:spruce_slab":165,"minecraft:shield":17,"minecraft:chest":16,"minecraft:stone":13,"promenade:sakura_sign":4,"regions_unexplored:salmonberry":6,"minecraft:bell":1,"supplementaries:globe":2,"create:cogwheel":1,"minecraft:nether_bricks":1,"minecraft:carrot":203,"bewitchment:elder_planks":93,"minecraft:snowball":198,"vinery:taiga_grape_seeds_red":52,"minecraft:glass":190,"promenade:blush_sakura_blossoms":57,"farmersdelight:tomato":20,"mythicmounts:firebird_feather2":6,"minecraft:lantern":12,"techreborn:rubber_fence_gate":3,"minecraft:birch_sapling":8,"croptopia:blackberry_seed":61,"minecraft:item_frame":2,"minecraft:hay_block":2,"minecraft:oak_sapling":1,"minecraft:furnace":2,"minecraft:skeleton_skull":1,"minecraft:potato":42,"bewitchment:garlic":48,"bewitchment:elder_stairs":114,"paladins:diamond_holy_staff":42,"travelersbackpack:iron_golem":4,"minecraft:composter":4,"brewery:corn_seeds":14,"promenade:sakura_fence_gate":14,"minecraft:white_wool":209,"minecraft:golden_apple":1,"minecraft:sand":1,"promenade:cotton_sakura_sapling":15,"regions_unexplored:flowering_shrub":1,"bewitchment:elder_sapling":55,"bewitchment:aconite_seeds":2,"minecraft:shears":105,"minecraft:pumpkin_seeds":10,"minecraft:lever":2,"promenade:sakura_planks":481,"promenade:blush_sakura_sapling":56,"spellbladenext:frost_blade":1,"minecraft:bread":144,"minecraft:cyan_bed":2,"minecraft:string":2,"bewitchment:elder_fence":43,"minecraft:soul_lantern":4,"create:pink_toolbox":1,"minecraft:oak_fence":4,"croptopia:blackberry":1,"minecraft:coarse_dirt":2,"promenade:sakura_door":2,"herbalbrews:hibiscus":1,"minecraft:stone_sword":23,"minecraft:flint_and_steel":1,"spellbladenext:monkeystaff":148,"minecraft:spruce_planks":475,"minecraft:stone_hoe":245,"travelersbackpack:bat":1,"minecraft:netherrack":30,"minecraft:torch":78,"minecraft:dirt":912,"minecraft:spruce_stairs":120,"minecraft:spruce_fence":189,"minecraft:iron_hoe":248,"minecraft:wooden_axe":70,"minecraft:iron_axe":726,"create:brown_toolbox":2,"promenade:sakura_slab":40,"minecraft:bamboo":4,"minecraft:cooked_beef":2,"farmersdelight:tomato_seeds":3,"minecraft:golden_axe":7,"minecraft:wheat_seeds":269,"minecraft:water_bucket":13,"minecraft:lead":1,"soulsweapons:moonstone_pickaxe":25,"farmersdelight:dark_oak_cabinet":4,"minecraft:spruce_sign":5,"promenade:sakura_log":235,"animal_feeding_trough:feeding_trough":2,"minecraft:lime_bed":1,"minecraft:crafting_table":4,"techreborn:rubber_sapling":6,"minecraft:spruce_log":27,"minecraft:flower_pot":1,"minecraft:wooden_hoe":45,"bewitchment:belladonna_seeds":13,"create:mechanical_press":2,"minecraft:apple":6,"minecraft:diamond_shovel":106,"minecraft:suspicious_stew":1,"minecraft:iron_pickaxe":649,"supplementaries:sign_post_spruce":1,"mcdw:sword_katana":15,"mythicmounts:firebird_feather":3,"herbalbrews:tea_blossom":5,"brewery:beer_mug":1,"minecraft:cobblestone":123,"minecraft:white_banner":1,"minecraft:cooked_porkchop":3,"minecraft:bucket":16,"minecraft:yellow_bed":2,"promenade:sakura_trapdoor":5},"minecraft:broken":{"minecraft:iron_shovel":5,"minecraft:iron_boots":1,"minecraft:iron_leggings":1,"minecraft:wooden_axe":1,"minecraft:chainmail_helmet":1,"minecraft:stone_hoe":1,"minecraft:iron_axe":3,"minecraft:iron_pickaxe":4,"minecraft:wooden_hoe":1},"minecraft:mined":{"regions_unexplored:salmonberry_bush":3,"minecraft:spruce_planks":27,"minecraft:stone_pressure_plate":3,"promenade:sakura_fence_gate":2,"minecraft:farmland":1,"bewitchment:elder_fence":1,"betternether:nether_reed_stem":1,"minecraft:sculk_vein":2,"minecraft:obsidian":12,"minecraft:granite":10,"travelersbackpack:iron_golem":1,"vinery:taiga_grape_bush_red":29,"minecraft:grass_block":652,"archon:cloud_iron":1,"promenade:blush_sakura_blossom_pile":19,"modern_industrialization:lignite_coal_ore":20,"botania:light_gray_mystical_flower":1,"minecraft:chiseled_stone_bricks":2,"minecraft:magma_block":28,"minecraft:iron_ore":11,"minecraft:fire":1,"regions_unexplored:glister_spire":1,"winterly:frozen_grass":6,"minecraft:pumpkin":27,"supplementaries:globe":1,"minecraft:dark_oak_stairs":2,"amendments:wall_lantern":2,"powah:uraninite_ore_poor":1,"botania:light_blue_mystical_flower":2,"create:mechanical_press":2,"minecraft:player_head":7,"minecraft:spruce_slab":4,"minecraft:tripwire":1,"botania:green_mystical_flower":1,"create:cogwheel":1,"betternether:netherrack_stalactite":4,"betternether:golden_vine":3,"minecraft:soul_fire":16,"minecraft:soul_lantern":5,"minecraft:powder_snow":9,"minecraft:torch":23,"promenade:blush_sakura_blossoms":90,"minecraft:calcite":26,"minecraft:poppy":7,"minecraft:chest":2,"techreborn:rubber_fence_gate":1,"minecraft:glass":4,"farmersdelight:cabbages":1,"minecraft:nether_quartz_ore":2,"minecraft:cobblestone":25,"minecraft:cyan_bed":3,"minecraft:bricks":1,"bewitchment:belladonna":12,"betternether:magma_flower":1,"minecraft:spruce_sign":1,"minecraft:wall_torch":7,"minecraft:skeleton_skull":1,"techreborn:silver_ore":1,"betternether:willow_leaves":3,"minecraft:wheat":212,"betternether:geyser":22,"minecraft:stripped_oak_wood":2,"herbalbrews:tea_plant":5,"minecraft:grass":65,"minecraft:oak_log":4,"brewery:beer_mug":1,"techreborn:galena_ore":1,"minecraft:dirt":318,"minecraft:sand":135,"minecraft:deepslate":2,"minecraft:emerald_block":1,"regions_unexplored:glistering_ivy":3,"vinery:apple_leaves":1,"minecraft:netherrack":44,"soulsweapons:verglas_ore":1,"regions_unexplored:glistering_sprout":9,"minecraft:oak_leaves":4,"techreborn:sapphire_ore":3,"promenade:sakura_sign":2,"minecraft:tuff":5,"farmersdelight:wild_carrots":1,"herbalbrews:hibiscus":1,"promenade:sakura_door":1,"minecraft:lever":1,"minecraft:spruce_fence":19,"regions_unexplored:glistering_fern":1,"winterly:frozen_flower":1,"betternether:black_bush":3,"farmersdelight:tomatoes":12,"animal_feeding_trough:feeding_trough":1,"mythicmounts:firebird_feather":1,"minecraft:hay_block":4,"botania:magenta_mystical_flower":1,"minecraft:furnace":2,"minecraft:carrots":139,"minecraft:snow":45,"betternether:feather_fern":1,"treechop:chopped_log":82,"minecraft:peony":6,"minecraft:bell":1,"minecraft:potatoes":19,"minecraft:vine":1,"bewitchment:salt_ore":13,"minecraft:lantern":2,"farmersdelight:dark_oak_cabinet":4,"modern_industrialization:deepslate_nickel_ore":1,"regions_unexplored:medium_grass":1,"minecraft:bamboo":2,"promenade:cotton_sakura_blossom_pile":3,"minecraft:stone":267,"minecraft:white_wool":35,"twigs:opaline_seashell":1,"regions_unexplored:flowering_shrub":1,"minecraft:podzol":16,"twigs:pebble":2,"promenade:sakura_log":21,"techreborn:deepslate_silver_ore":2,"minecraft:soul_sand":21,"minecraft:basalt":2,"minecraft:dandelion":1,"bewitchment:elder_stairs":12,"minecraft:oak_fence":1,"minecraft:crafting_table":2,"bewitchment:aconite":1,"bewitchment:garlic":30,"brewery:corn_crop":4,"minecraft:copper_ore":9,"minecraft:tall_grass":2,"promenade:cotton_sakura_blossoms":4,"promenade:sakura_planks":22,"promenade:sakura_slab":3,"supplementaries:urn":1,"minecraft:spruce_stairs":26,"minecraft:lime_bed":1,"minecraft:coarse_dirt":14,"bewitchment:elder_planks":2,"bewitchment:elder_leaves":28,"techreborn:ruby_ore":3,"twigs:tangerine_seashell":1,"minecraft:ice":16,"minecraft:spruce_log":3,"minecraft:birch_leaves":6,"mythicmounts:firebird_feather2":3,"minecraft:yellow_bed":2,"minecraft:coal_ore":81,"minecraft:cocoa":3,"croptopia:blackberry_crop":42,"minecraft:gravel":3,"minecraft:cracked_stone_bricks":2,"regions_unexplored:glistering_ivy_plant":2,"minecraft:stone_bricks":5,"minecraft:mossy_stone_bricks":3,"minecraft:fern":5},"minecraft:custom":{"lootr:looted_stat":47,"minecraft:interact_with_crafting_table":146,"minecraft:eat_cake_slice":2,"minecraft:leave_game":21,"minecraft:time_since_death":623801,"minecraft:damage_resisted":0,"minecraft:sprint_one_cm":2469112,"minecraft:damage_blocked_by_shield":253,"minecraft:drop":206,"minecraft:play_noteblock":2,"minecraft:talked_to_villager":3,"minecraft:play_time":964400,"minecraft:deaths":8,"minecraft:jump":10643,"minecraft:walk_on_water_one_cm":34344,"minecraft:interact_with_furnace":36,"minecraft:traded_with_villager":2,"minecraft:sleep_in_bed":74,"minecraft:damage_dealt":3932,"minecraft:crouch_one_cm":9739,"minecraft:interact_with_smithing_table":3,"minecraft:horse_one_cm":7491309,"minecraft:interact_with_smoker":3,"minecraft:interact_with_anvil":3,"minecraft:mob_kills":22,"minecraft:damage_dealt_resisted":0,"minecraft:climb_one_cm":4791,"minecraft:walk_one_cm":2603351,"minecraft:sneak_time":5465,"minecraft:walk_under_water_one_cm":15545,"minecraft:interact_with_blast_furnace":4,"minecraft:total_world_time":964400,"minecraft:tune_noteblock":38,"minecraft:pot_flower":1,"minecraft:interact_with_stonecutter":1,"minecraft:hex":0,"minecraft:time_since_rest":5372,"minecraft:damage_absorbed":40,"minecraft:damage_taken":10043,"minecraft:swim_one_cm":24273,"minecraft:fly_one_cm":2002449,"minecraft:open_chest":604,"minecraft:fall_one_cm":271455},"minecraft:dropped":{"minecraft:soul_sand":18,"minecraft:leather":3,"techreborn:rubber_sapling":1,"promenade:blush_sakura_sapling":36,"minecraft:emerald":2,"bewitchment:aconite_seeds":1,"minecraft:dirt":12,"botania:green_mystical_flower":1,"minecraft:snowball":656,"beachparty:rubber_ring_pelican":1,"minecraft:sand":1,"minecraft:iron_pickaxe":2,"minecraft:gold_ingot":1,"minecraft:birch_sapling":1,"minecraft:obsidian":12,"minecraft:rotten_flesh":2,"minecraft:carrot":21,"minecraft:poppy":6,"minecraft:netherrack":13,"farmersdelight:tomato_seeds":11,"minecraft:stone_hoe":1,"minecraft:bread":6,"twigs:bamboo_leaves":60,"minecraft:wheat_seeds":7,"mythicmounts:firebird_feather":2,"minecraft:cobblestone":9,"minecraft:lead":1,"minecraft:apple":2,"promenade:blush_sakura_blossoms":7,"minecraft:iron_axe":1,"minecraft:iron_shovel":1,"minecraft:string":3,"minecraft:player_head":6,"create:shaft":2,"promenade:sakura_sign":1,"minecraft:raw_copper":12,"minecraft:raw_iron":2,"farmersdelight:cabbage_seeds":2,"minecraft:iron_hoe":1,"fishofthieves:earthworms":20,"minecraft:diamond_chestplate":1,"bewitchment:ectoplasm":2,"herbalbrews:green_tea_leaf":2,"minecraft:blue_orchid":6,"minecraft:calcite":8,"minecraft:cyan_bed":1},"minecraft:killed_by":{"tinyskeletons:baby_skeleton":1},"minecraft:killed":{"naturalist:snail":2,"minecraft:skeleton":3,"frostiful:chillager":2,"minecraft:magma_cube":1,"minecraft:trader_llama":1,"minecraft:pillager":3,"minecraft:zombie":4,"minecraft:vindicator":1,"bewitchment:ghost":1,"naturalist:lizard":1}},"DataVersion":3465}