{"stats":{"minecraft:picked_up":{"minecraft:crafting_table":1,"minecraft:leather":1,"minecraft:lead":1,"promenade:cotton_sakura_sapling":4,"promenade:blush_sakura_sapling":14,"minecraft:dirt":2,"promenade:sakura_log":73,"promenade:sakura_stairs":3,"twigs:pebble":1,"minecraft:spruce_planks":1,"fishofthieves:earthworms":1,"techreborn:rubber_log":16,"minecraft:bamboo":2,"twigs:twig":17,"minecraft:dark_oak_stairs":4,"minecraft:spruce_stairs":2,"minecraft:gravel":3,"promenade:sakura_door":4,"techreborn:rubber_sapling":6,"promenade:sakura_planks":39,"travelersbackpack:standard":1,"minecraft:coal_ore":1,"minecraft:cobblestone":44},"minecraft:crafted":{"supplementaries:soap":6,"minecraft:bucket":1,"supplementaries:globe":1,"promenade:sakura_planks":292,"minecraft:chest":2,"promenade:sakura_stairs":12,"techreborn:rubber_planks":64},"minecraft:used":{"promenade:sakura_stairs":15,"minecraft:dark_oak_stairs":2,"minecraft:stone_sword":8,"minecraft:iron_shovel":16,"minecraft:chest":2,"minecraft:stone":7,"minecraft:diamond_axe":57,"supplementaries:globe":1,"fishofthieves:earthworms":1,"minecraft:dirt":2,"minecraft:crafting_table":1,"techreborn:rubber_sapling":2,"immersive_armors:warrior_chestplate":1,"promenade:sakura_planks":297,"promenade:blush_sakura_sapling":14,"minecraft:lantern":8,"minecraft:iron_axe":96,"minecraft:bread":8,"minecraft:iron_pickaxe":45,"minecraft:iron_helmet":1,"minecraft:cobblestone":142,"travelersbackpack:standard":2,"promenade:sakura_door":5,"paladins:prior_robe_feet":1,"minecraft:bucket":1,"minecraft:iron_leggings":1},"minecraft:broken":{"immersive_armors:warrior_chestplate":1},"minecraft:mined":{"twigs:pebble":1,"promenade:sakura_door":4,"travelersbackpack:standard":1,"minecraft:crafting_table":1,"minecraft:grass_block":4,"promenade:blush_sakura_blossom_pile":1,"minecraft:cobblestone":1,"promenade:sakura_planks":49,"treechop:chopped_log":16,"minecraft:dark_oak_stairs":2,"minecraft:gravel":4,"minecraft:dirt":2,"promenade:sakura_stairs":3,"minecraft:stone":43},"minecraft:custom":{"minecraft:interact_with_furnace":1,"lootr:looted_stat":1,"minecraft:mob_kills":1,"minecraft:traded_with_villager":1,"minecraft:interact_with_crafting_table":15,"minecraft:interact_with_grindstone":1,"minecraft:leave_game":1,"minecraft:time_since_death":670,"minecraft:sleep_in_bed":3,"minecraft:hex":0,"minecraft:time_since_rest":730,"minecraft:sprint_one_cm":226597,"minecraft:damage_taken":705,"minecraft:walk_one_cm":227881,"minecraft:drop":29,"minecraft:damage_dealt":274,"minecraft:talked_to_villager":2,"minecraft:fly_one_cm":56435,"minecraft:open_chest":81,"minecraft:crouch_one_cm":462,"minecraft:play_time":92347,"minecraft:deaths":2,"minecraft:sneak_time":253,"minecraft:walk_under_water_one_cm":781,"minecraft:jump":506,"minecraft:walk_on_water_one_cm":2543,"minecraft:interact_with_smoker":1,"minecraft:total_world_time":92347,"minecraft:fall_one_cm":9570},"minecraft:dropped":{"minecraft:gravel":3,"minecraft:soul_sand":4,"minecraft:dark_oak_stairs":2,"minecraft:spruce_stairs":2,"minecraft:spruce_fence":18,"minecraft:spruce_planks":1},"minecraft:killed_by":{"minecraft:creeper":1},"minecraft:killed":{"minecraft:trader_llama":1}},"DataVersion":3465}