{"stats":{"minecraft:custom":{"lootr:looted_stat":18,"minecraft:mob_kills":4,"minecraft:interact_with_crafting_table":47,"minecraft:leave_game":7,"minecraft:time_since_death":176114,"minecraft:climb_one_cm":1004,"minecraft:damage_resisted":0,"minecraft:sprint_one_cm":520425,"minecraft:walk_one_cm":381096,"minecraft:drop":70,"minecraft:talked_to_villager":7,"minecraft:play_time":200684,"minecraft:deaths":1,"minecraft:sneak_time":6766,"minecraft:walk_under_water_one_cm":5744,"minecraft:jump":3393,"minecraft:walk_on_water_one_cm":2602,"minecraft:total_world_time":200684,"minecraft:interact_with_furnace":33,"minecraft:sleep_in_bed":10,"minecraft:hex":0,"minecraft:time_since_rest":8406,"minecraft:damage_taken":2418,"minecraft:damage_dealt":2643,"minecraft:fly_one_cm":797072,"minecraft:open_chest":29,"minecraft:crouch_one_cm":20065,"minecraft:interact_with_smoker":2,"minecraft:fall_one_cm":118294,"minecraft:horse_one_cm":974},"minecraft:crafted":{"minecraft:oak_planks":8,"minecraft:coal":9,"minecraft:iron_nugget":18,"comforts:sleeping_bag_white":1,"minecraft:furnace":2,"ad_astra:hammer":1,"indrev:wrench":1,"create:mechanical_press":1,"minecraft:iron_axe":1,"techreborn:tin_ingot":10,"minecraft:stone_pickaxe":1,"minecraft:chest":2,"minecraft:dark_oak_planks":48,"minecraft:wheat":54,"create:depot":1,"create:andesite_alloy":5,"minecraft:crafting_table":6,"minecraft:spruce_planks":132,"minecraft:wooden_pickaxe":1,"travelersbackpack:standard":1,"minecraft:iron_sword":1,"minecraft:copper_ingot":33,"minecraft:bucket":1,"techreborn:tin_plate":10,"indrev:screwdriver":1,"minecraft:air":0,"minecraft:bread":22,"indrev:hammer":1,"minecraft:white_wool":4,"create:water_wheel":1,"minecraft:stick":40,"minecraft:iron_ingot":31,"minecraft:iron_pickaxe":1,"minecraft:wooden_axe":1,"minecraft:iron_block":1,"minecraft:snow_block":82,"minecraft:iron_shovel":1,"create:shaft":8,"minecraft:torch":60,"indrev:fan":1,"techreborn:rubber_planks":124},"minecraft:mined":{"minecraft:tuff":1,"minecraft:spruce_planks":10,"create:andesite_casing":2,"minecraft:dark_oak_log":3,"minecraft:grass_block":25,"twigs:twig":1,"promenade:blush_sakura_blossom_pile":6,"modern_industrialization:lignite_coal_ore":21,"minecraft:coal_block":2,"minecraft:hay_block":9,"minecraft:iron_ore":40,"minecraft:fire":1,"minecraft:andesite":20,"minecraft:pumpkin":1,"treechop:chopped_log":6,"minecraft:stripped_dark_oak_wood":9,"minecraft:vine":1,"bewitchment:salt_ore":5,"minecraft:stripped_oak_log":2,"minecraft:stone":67,"ad_astra:sky_stone":4,"create:mechanical_press":1,"minecells:kings_crest_flag":5,"promenade:sakura_log":4,"minecraft:basalt":1,"promenade:cotton_sakura_sapling":3,"minecraft:calcite":11,"create:scoria":6,"minecraft:rose_bush":1,"modern_industrialization:nickel_ore":3,"minecraft:copper_ore":10,"minecraft:cobblestone":2,"techreborn:tin_ore":15,"supplementaries:urn":1,"brewery:table":1,"minecraft:lime_bed":1,"techreborn:rubber_planks":17,"modern_industrialization:antimony_ore":2,"promenade:blush_sakura_sapling":2,"minecraft:grass":21,"minecraft:oak_log":3,"minecraft:coal_ore":31,"minecraft:dirt":6,"minecraft:cobweb":8,"soulsweapons:verglas_ore":1},"minecraft:dropped":{"minecraft:water_bucket":1,"twigs:bamboo_leaves":3,"minecraft:brown_mushroom":14,"minecraft:wheat_seeds":4,"minecells:prison_cobblestone":4,"minecraft:oak_log":2,"minecraft:glass_bottle":1,"minecraft:diamond":2,"minecraft:feather":1,"minecraft:cobblestone":8,"minecraft:iron_horse_armor":1,"minecraft:copper_ingot":1,"techreborn:rubber_sapling":7,"promenade:blush_sakura_sapling":5,"minecraft:coal_block":1,"minecraft:stick":2,"ad_astra:sky_stone":2,"minecraft:deepslate_brick_stairs":1,"techreborn:raw_tin":4,"minecells:prison_bricks":1,"minecraft:rose_bush":1,"minecraft:snowball":6,"twigs:twig":6,"bewitchment:salt":4,"minecraft:player_head":1,"minecraft:stone_sword":1,"farmersdelight:cabbage_seeds":1,"minecraft:rotten_flesh":4,"minecraft:oak_planks":6,"minecraft:hay_block":2,"minecells:small_prison_bricks":1,"minecraft:skeleton_skull":1,"minecraft:beef":2,"create:water_wheel":1},"minecraft:used":{"minecraft:stone_sword":1,"minecraft:iron_shovel":11,"minecraft:spruce_planks":133,"minecraft:chest":1,"minecraft:iron_sword":58,"ad_astra:steel_block":3,"minecraft:torch":9,"simplyswords:gold_claymore":41,"minecraft:dirt":35,"create:depot":1,"minecraft:tuff":1,"minecraft:obsidian":2,"minecraft:wooden_axe":10,"minecraft:dark_oak_planks":18,"brewery:table":2,"techreborn:rubber_planks":78,"mythicmounts:firebird_feather2":1,"minecraft:iron_axe":117,"minecells:kings_crest_flag":5,"minecraft:iron_helmet":1,"minecraft:iron_boots":1,"minecraft:bamboo":16,"twigs:bamboo_leaves":4,"minecraft:hay_block":1,"create:shaft":4,"minecraft:soul_soil":1,"minecraft:furnace":2,"comforts:sleeping_bag_white":1,"minecraft:pumpkin":1,"minecraft:calcite":9,"minecraft:stone_pickaxe":31,"minecraft:wooden_pickaxe":3,"minecraft:spruce_sign":1,"promenade:sakura_log":8,"minecraft:crafting_table":6,"minecraft:lime_bed":2,"brewery:corn":1,"promenade:cotton_sakura_sapling":9,"techreborn:rubber_sapling":2,"minecraft:spruce_log":2,"minecraft:deepslate_brick_stairs":1,"minecraft:oak_log":2,"create:mechanical_press":2,"promenade:blush_sakura_sapling":2,"minecraft:bread":56,"minecraft:iron_pickaxe":220,"twigs:twig":1,"minecraft:cobblestone":12,"travelersbackpack:standard":2,"minecraft:dark_oak_fence":1,"minecraft:bucket":1,"immersive_armors:bone_leggings":1},"minecraft:picked_up":{"brewery:table":2,"techreborn:raw_tin":14,"minecraft:iron_chestplate":2,"mcdw:sword_dancers_sword":1,"modern_industrialization:lignite_coal":21,"minecraft:chicken":1,"minecells:small_prison_bricks":1,"minecraft:brown_mushroom":14,"minecraft:stone_brick_stairs":1,"promenade:blush_sakura_sapling":7,"ad_astra:sky_stone":2,"minecraft:string":7,"minecraft:soul_soil":1,"minecraft:raw_copper":37,"minecraft:sea_pickle":2,"promenade:sakura_log":13,"create:mechanical_press":1,"comforts:sleeping_bag_white":1,"minecraft:spruce_planks":10,"minecraft:beef":3,"minecraft:rose_bush":2,"minecraft:calcite":9,"minecraft:player_head":1,"techreborn:rubber_log":32,"minecraft:coal_block":2,"farmersdelight:cabbage_seeds":1,"minecraft:stick":14,"minecraft:raw_iron":40,"techreborn:rubber_planks":18,"create:andesite_casing":2,"twigs:bamboo_leaves":7,"minecraft:carrot":1,"minecraft:iron_horse_armor":1,"minecraft:arrow":4,"minecraft:rotten_flesh":6,"create:scoria":5,"minecraft:shears":1,"minecraft:hay_block":9,"minecraft:stripped_dark_oak_wood":9,"supplementaries:ash":3,"minecraft:deepslate_brick_stairs":2,"minecraft:snowball":333,"minecraft:skeleton_skull":1,"minecraft:cobblestone":77,"minecraft:stripped_oak_log":2,"minecraft:lime_bed":2,"modern_industrialization:raw_antimony":2,"minecraft:feather":1,"minecraft:andesite":20,"minecraft:leather":4,"promenade:cotton_sakura_sapling":9,"mythicmounts:firebird_feather2":1,"minecraft:tuff":1,"minecraft:oak_log":4,"minecraft:chainmail_chestplate":1,"minecraft:dirt":35,"minecells:prison_doorway":1,"minecraft:lantern":1,"comforts:sleeping_bag_light_gray":1,"minecraft:bone":3,"minecraft:wheat_seeds":5,"minecells:kings_crest_flag":5,"minecraft:iron_ingot":3,"minecells:prison_bricks":1,"fishofthieves:earthworms":5,"minecraft:glass_bottle":1,"minecraft:bamboo":16,"twigs:twig":8,"soulsweapons:holy_greatsword":1,"minecraft:pumpkin":1,"minecells:prison_cobblestone":4,"bewitchment:salt":4,"minecraft:spruce_sapling":7,"minecraft:spruce_log":179,"techreborn:rubber_sapling":7,"minecraft:dark_oak_log":3,"modern_industrialization:raw_nickel":3,"minecraft:diamond":1,"minecraft:spruce_sign":2,"soulsweapons:verglas":1,"minecraft:bread":1,"minecraft:dark_oak_fence":1,"minecraft:coal":30},"minecraft:killed":{"minecraft:pillager":1,"minecraft:zombie":3},"minecraft:broken":{"simplyswords:gold_claymore":1,"immersive_armors:bone_leggings":1}},"DataVersion":3465}