{"stats":{"minecraft:used":{"minecraft:iron_shovel":97,"simplyswords:gold_greataxe":12,"minecraft:chest":6,"minecraft:player_head":3,"minecraft:torch":2,"minecraft:lime_bed":1,"minecraft:crafting_table":6,"techreborn:rubber_sapling":8,"minecraft:lingering_potion":1,"vinery:taiga_grape_seeds_red":3,"archers:diamond_spear":22,"brewery:table":1,"minecraft:apple":4,"minecraft:bread":8,"minecraft:iron_axe":19,"minecraft:iron_pickaxe":143,"minecraft:map":1,"mcdw:sword_katana":1,"minecraft:red_candle":1,"minecraft:gravel":25,"ad_astra:sky_stone":8,"minecraft:fire_charge":1,"minecraft:furnace":2,"minecraft:pumpkin_pie":2,"mcdw:sickle_last_laugh_gold":7,"minecraft:splash_potion":1},"minecraft:custom":{"minecraft:interact_with_furnace":6,"lootr:looted_stat":17,"minecraft:mob_kills":2,"minecraft:interact_with_crafting_table":25,"minecraft:bell_ring":21,"minecraft:eat_cake_slice":2,"minecraft:sleep_in_bed":1,"minecraft:leave_game":2,"minecraft:time_since_death":61469,"minecraft:damage_resisted":0,"minecraft:climb_one_cm":96,"minecraft:hex":0,"minecraft:time_since_rest":1411,"minecraft:damage_taken":373,"minecraft:walk_one_cm":203856,"minecraft:sprint_one_cm":99508,"minecraft:drop":21,"minecraft:damage_dealt":1007,"minecraft:player_kills":1,"minecraft:fly_one_cm":96670,"minecraft:open_chest":10,"minecraft:crouch_one_cm":89,"minecraft:play_time":61469,"minecraft:sneak_time":27,"minecraft:jump":548,"minecraft:walk_on_water_one_cm":326,"minecraft:threat":6,"minecraft:total_world_time":61469,"minecraft:interact_with_smoker":1,"minecraft:fall_one_cm":13096},"minecraft:killed":{"mythicmobs:drake":1,"mutantmonsters:mutant_creeper":1},"minecraft:dropped":{"mcdw:sword_katana":1,"twigs:bamboo_leaves":6,"minecells:prison_cobblestone":4,"minecraft:leather":2,"bewitchment:aconite_seeds":2,"twigs:pebble":1,"ad_astra:sky_stone":5,"minecraft:potato":3,"minecells:small_prison_bricks":2,"bewitchment:mandrake_seeds":1,"minecells:prison_bricks":1,"minecraft:bamboo":1,"minecraft:basalt":4,"twigs:twig":1},"minecraft:picked_up":{"minecraft:crafting_table":5,"minecraft:lime_bed":1,"minecraft:mud_bricks":1,"minecraft:basalt":8,"minecraft:leather":2,"minecells:small_prison_bricks":2,"minecraft:potato":3,"minecraft:flint":4,"mcdw:sickle_last_laugh_gold":1,"minecraft:oak_log":1,"simplyswords:gold_greataxe":1,"ad_astra:sky_stone":13,"bewitchment:aconite_seeds":3,"minecraft:dirt":69,"mcdw:sword_katana":2,"minecraft:red_candle":4,"minecraft:wheat_seeds":2,"twigs:pebble":1,"bewitchment:mandrake_seeds":1,"minecraft:iron_ingot":20,"fishofthieves:earthworms":4,"minecells:prison_bricks":1,"minecraft:player_head":4,"techreborn:rubber_log":13,"minecraft:bamboo":7,"twigs:twig":2,"minecraft:coal_block":7,"minecraft:chest":2,"minecraft:furnace":1,"minecraft:raw_iron":13,"minecells:prison_cobblestone":4,"vinery:taiga_grape_seeds_red":3,"techreborn:rubber_planks":1,"minecraft:gravel":25,"twigs:bamboo_leaves":9,"techreborn:rubber_sapling":8,"minecraft:diamond":1,"minecraft:hay_block":11,"minecraft:coal":40,"minecraft:cobblestone":67},"minecraft:crafted":{"minecraft:oak_planks":4,"minecraft:coal":63,"minecraft:crafting_table":1,"runes:fire_stone":42,"minecraft:furnace":1,"archers:diamond_spear":1,"minecraft:bread":27,"minecraft:air":0,"wizards:wand_novice":1,"minecraft:iron_boots":1,"minecraft:iron_chestplate":1,"minecraft:iron_axe":1,"minecraft:stick":20,"minecraft:iron_ingot":8,"minecraft:iron_pickaxe":1,"brewery:table":1,"minecraft:chest":4,"minecraft:iron_shovel":1,"minecraft:iron_leggings":1,"minecraft:torch":12,"techreborn:rubber_planks":52,"minecraft:wheat":81},"minecraft:mined":{"minecraft:podzol":16,"minecells:small_prison_bricks":1,"minecells:prison_bricks":1,"minecraft:basalt":4,"minecraft:powder_snow":2,"minecraft:crafting_table":5,"vinery:taiga_grape_bush_red":1,"minecraft:grass_block":17,"minecraft:chest":1,"minecells:prison_stone":5,"minecraft:coal_block":6,"minecraft:cobblestone":1,"minecraft:hay_block":9,"minecraft:lime_bed":1,"minecraft:red_candle":1,"minecraft:furnace":1,"minecraft:sea_pickle":1,"minecraft:iron_ore":13,"treechop:chopped_log":2,"minecraft:grass":1,"minecraft:coal_ore":25,"minecraft:gravel":30,"minecraft:dirt":36,"minecraft:bamboo":1,"minecraft:stone":66,"ad_astra:sky_stone":17,"minecraft:player_head":3}},"DataVersion":3465}