{"stats":{"minecraft:picked_up":{"regions_unexplored:pointed_redstone":8,"minecraft:iron_chestplate":1,"minecraft:chainmail_boots":1,"minecraft:lead":27,"regions_unexplored:glistering_sprout":1,"betternether:nether_reed_stem":98,"minecraft:golden_sword":1,"twigs:cobblestone_bricks":1,"minecraft:polished_blackstone_brick_stairs":9,"minecraft:string":124,"minecraft:soul_soil":6,"minecraft:red_nether_bricks":16,"minecraft:gold_nugget":213,"regions_unexplored:pine_log":14,"bosses_of_mass_destruction:soul_star":1,"minecells:quick_bow":1,"minecraft:spruce_planks":35,"techreborn:rubber_log":2,"minecraft:melon_slice":59,"minecraft:coal_block":14,"minecells:transposition_core":1,"minecraft:polished_blackstone_brick_slab":211,"minecells:guts":25,"minecraft:jukebox":1,"stoneworks:mossy_netherrack_brick_slab":2,"minecraft:golden_axe":1,"stoneworks:polished_netherrack_slab":36,"regions_unexplored:raw_redstone_block":9,"soulsweapons:soul_robes_chestplate":1,"minecraft:deepslate_tile_stairs":1,"minecells:putrid_fence":9,"betternether:cincinnasite":12,"minecraft:pink_terracotta":37,"minecraft:cauldron":2,"minecraft:chiseled_nether_bricks":4,"minecraft:stone_sword":2,"create:scoria":8,"minecraft:iron_block":4,"minecells:putrid_board_block":1,"minecraft:bookshelf":9,"stoneworks:nether_brick_plates":2,"minecells:small_crate":1,"minecraft:blaze_rod":26,"minecraft:snowball":1764,"archon:fire_gem":19,"minecraft:magma_block":7,"techreborn:sphalerite_dust":6,"betternether:jungle_moss":9,"minecraft:jungle_log":93,"minecraft:copper_block":40,"minecraft:smoker":2,"betternether:rubeus_sapling":3,"minecraft:flint":11,"minecraft:lantern":1,"lootr:trophy":1,"frostiful:frost_tipped_arrow":1,"betternether:geyser":2,"indrev:nikolite_ore":4,"fishofthieves:earthworms":210,"create:shaft":2,"mythicmobs:bronze_ingot":5,"regions_unexplored:yellow_bioshroom_stem":18,"minecraft:glowstone_dust":58,"minecraft:moss_block":1,"simplyswords:storms_edge":1,"botania:red_mystical_flower":3,"patchouli:guide_book":1,"regions_unexplored:pine_sapling":1,"botania:pink_double_flower":1,"betternether:wall_moss":13,"simplyswords:mjolnir":2,"minecraft:stripped_spruce_log":107,"minecraft:red_terracotta":4,"croptopia:cherry":1,"minecraft:blue_terracotta":161,"techreborn:cinnabar_dust":4,"minecells:explosive_bulb":2,"simplyswords:soulpyre":1,"regions_unexplored:clover":4,"minecraft:blue_ice":1,"minecraft:bread":31,"simplyswords:brimstone_claymore":4,"bewitchment:ectoplasm":2,"minecraft:diamond_pickaxe":4,"minecells:putrid_sapling":4,"modern_industrialization:lignite_coal":18,"minecraft:clay_ball":176,"soulsweapons:altar_block":1,"minecraft:nether_wart":147,"techreborn:pyrite_dust":30,"friendsandfoes:totem_of_illusion":1,"regions_unexplored:mycotoxic_daisy":1,"promenade:snowy_spruce_leaves":18,"bewitchment:elder_log":5,"create:scorchia":13,"betternether:nether_ruby_leggings":1,"minecraft:cracked_stone_bricks":4,"betternether:willow_planks":1,"spellbladenext:fire_claymore":1,"minecraft:poppy":26,"minecraft:spruce_slab":93,"regions_unexplored:glister_spire":1,"betternether:netherrack_stalactite":23,"minecraft:piston":10,"minecraft:polished_deepslate_slab":1,"minecraft:stone":109,"prominent:music_disc_coniferus_forest":1,"betternether:nether_sakura_bark":1,"minecraft:spruce_fence":3,"betternether:rubeus_log":5,"betternether:nether_ruby":191,"minecraft:carrot":275,"minecraft:redstone":35,"betternether:anchor_tree_log":11,"betternether:cincinnasite_stairs":2,"minecraft:diamond_chestplate":1,"minecraft:peony":14,"mcda:phantom_bones":1,"minecraft:deepslate_bricks":37,"minecraft:hay_block":24,"immersive_armors:warrior_chestplate":2,"minecraft:mutton":1,"minecraft:white_wool":2,"minecraft:bone_block":1,"minecraft:rail":7,"minecraft:birch_leaves":88,"minecraft:mud_bricks":4,"minecraft:tripwire_hook":9,"minecraft:blackstone_slab":7,"minecraft:red_mushroom":26,"minecraft:filled_map":3,"minecraft:packed_mud":1,"immersive_melodies:bagpipe":1,"minecraft:oak_log":12,"minecraft:lily_pad":6,"minecraft:ancient_debris":1,"vinery:taiga_grapes_red":12,"bewitchment:aconite_seeds":2,"minecraft:white_banner":7,"minecells:putrid_planks":1,"minecraft:stone_bricks":51,"minecraft:apple":60,"soulsweapons:lost_soul":6,"minecraft:glass_bottle":2,"minecraft:smooth_basalt":14,"endrem:witch_pupil":1,"betternether:black_bush":1,"minecells:monster_cell":50,"minecraft:cracked_nether_bricks":27,"minecells:infected_flesh":24,"minecraft:gravel":92,"minecraft:spruce_sapling":95,"minecraft:spruce_log":944,"minecraft:crying_obsidian":2,"travelersbackpack:wolf":1,"minecells:electric_whip":1,"botania:red_double_flower":1,"minecraft:purple_glazed_terracotta":18,"ironchests:gold_chest":2,"minecraft:diamond_axe":2,"croptopia:grapefruit":8,"minecraft:red_nether_brick_slab":6,"minecraft:ender_pearl":3,"minecraft:chiseled_deepslate":1,"minecraft:wheat":20,"bewitchment:elder_fence":8,"travelersbackpack:bat":1,"minecraft:nether_brick_fence":7,"minecraft:gilded_blackstone":97,"minecraft:stone_brick_stairs":61,"soulsweapons:soul_robes_boots":1,"betternether:blue_obsidian":2,"minecraft:raw_copper":948,"promenade:blush_sakura_blossom_pile":18,"minecraft:netherite_ingot":1,"minecraft:sticky_piston":3,"betternether:nether_ruby_chestplate":1,"minecraft:purple_banner":1,"archon:water_gem":1,"promenade:sakura_log":76,"minecraft:sea_pickle":6,"minecraft:bucket":1,"twigs:pebble":43,"minecraft:calcite":141,"immersive_melodies:triangle":1,"minecraft:stick":49,"minecraft:birch_trapdoor":4,"minecraft:torch":8,"minecraft:spruce_stairs":89,"twigs:bamboo_leaves":65,"minecraft:porkchop":7,"soulsweapons:soul_robes_leggings":2,"minecraft:pointed_dripstone":2,"minecraft:diorite":50,"betternether:lapis_pile":16,"ae2:sky_stone_block":1,"frostiful:packed_snowball":3,"minecraft:rotten_flesh":104,"betternether:feather_fern":5,"minecraft:obsidian":39,"minecraft:cod":1,"frostiful:icicle":9,"minecraft:cobblestone":839,"minecraft:lilac":19,"minecraft:magma_cream":2,"minecraft:repeater":2,"minecraft:andesite":3,"minecraft:golden_leggings":1,"promenade:cotton_sakura_sapling":7,"minecraft:potato":46,"herbalbrews:tea_blossom":1,"minecraft:prismarine_bricks":1,"simplyswords:flamewind":1,"travelersbackpack:magma_cube":1,"minecraft:dirt":2215,"minecraft:bone":101,"botania:cyan_mystical_flower":10,"botania:purple_mystical_flower":3,"minecraft:bow":4,"minecraft:wheat_seeds":71,"botania:pink_mystical_flower":5,"adventurez:raw_venison":2,"simplyswords:ribboncleaver":1,"minecraft:cobbled_deepslate_slab":1,"promenade:stripped_sakura_log":4,"minecraft:mossy_stone_bricks":13,"minecraft:bamboo":366,"travelersbackpack:gold":3,"twigs:twig":42,"minecraft:prismarine":1,"minecraft:mossy_stone_brick_stairs":2,"minecraft:ghast_tear":4,"minecraft:black_terracotta":1,"regions_unexplored:mycotoxic_mushrooms":7,"minecraft:cooked_porkchop":33,"simplyswords:toxic_longsword":1,"betternether:nether_ruby_pickaxe":2,"minecraft:polished_blackstone_slab":1,"minecraft:sand":93,"minecraft:nether_brick_stairs":3,"minecraft:grass_block":1,"minecells:metal_shards":3,"minecraft:mossy_cobblestone":31,"techreborn:bauxite_ore":2,"artifacts:plastic_drinking_hat":2,"minecraft:sugar":2,"minecraft:diamond":3,"minecraft:cracked_polished_blackstone_bricks":9,"minecraft:crossbow":2,"minecraft:golden_apple":1,"minecells:bloomrock":6,"minecraft:spruce_sign":10,"minecraft:emerald":36,"stoneworks:stone_plate_stairs":32,"minecraft:oak_sapling":2,"minecraft:netherrack":2558,"minecraft:oak_leaves":10,"regions_unexplored:mycotoxic_grass":9,"minecraft:brown_mushroom":26,"create:polished_cut_calcite":110,"minecraft:gold_block":53,"promenade:blush_sakura_sapling":14,"minecraft:item_frame":2,"minecraft:blackstone":183,"graveyard:corruption":1,"mythicmounts:firebird_feather":6,"minecraft:light_gray_wool":1,"minecraft:lectern":22,"minecraft:spruce_trapdoor":99,"minecraft:phantom_membrane":2,"betternether:rubeus_bark":9,"stoneworks:cobbled_netherrack_slab":2,"minecraft:raw_iron":51,"regions_unexplored:silver_birch_leaf_pile":12,"betternether:wall_mushroom_red":12,"minecells:monsters_eye":3,"minecraft:polished_blackstone_bricks":38,"fwaystones:waystone":3,"minecraft:stone_pressure_plate":14,"minecraft:purple_terracotta":72,"betternether:egg_plant":34,"promenade:sakura_planks":1,"minecraft:arrow":140,"regions_unexplored:redstone_bulb":2,"minecraft:nether_bricks":80,"minecraft:pink_glazed_terracotta":1,"minecraft:saddle":4,"minecraft:skeleton_skull":2,"regions_unexplored:glistering_fern":1,"modern_industrialization:raw_antimony":1,"minecraft:basalt":13,"minecraft:leather":15,"betternether:wall_mushroom_brown":23,"fishofthieves:grubs":11,"minecraft:gunpowder":13,"bewitchment:elder_sapling":3,"regions_unexplored:small_oak_sapling":1,"botania:light_blue_mystical_flower":4,"minecraft:iron_ingot":34,"zenith:hellshelf":5,"betternether:rubeus_planks":1,"regions_unexplored:yellow_bioshroom":2,"minecraft:oxidized_cut_copper":3,"minecraft:soul_sand":90,"regions_unexplored:orange_maple_leaf_pile":13,"minecraft:book":57,"minecraft:scaffolding":50,"minecraft:emerald_block":11,"simplyswords:iron_greataxe":1,"minecraft:stone_brick_slab":15,"minecraft:quartz":1,"bewitchment:belladonna_seeds":1,"bewitchment:salt":2,"minecraft:blast_furnace":4,"minecraft:nether_brick_slab":7,"minecraft:spruce_door":4,"minecraft:spider_eye":15,"minecraft:terracotta":278,"promenade:sakura_slab":11,"minecraft:coal":93},"minecraft:crafted":{"botania:purple_petal":6,"minecraft:blaze_powder":22,"regions_unexplored:yellow_bioshroom_slab":6,"promenade:sakura_boat":1,"minecraft:polished_blackstone_slab":2,"minecraft:diamond_shovel":1,"betternether:nether_ruby_pickaxe":3,"minecraft:nether_brick":366,"minecraft:bookshelf":62,"patchouli:guide_book":1,"fwaystones:abyss_watcher":5,"botania:red_petal":10,"minecraft:glass":94,"minecraft:diamond_helmet":1,"minecraft:diamond_leggings":1,"promenade:sakura_slab":186,"minecraft:polished_blackstone":1,"create:polished_cut_calcite":1,"minecraft:magenta_dye":26,"minecraft:glass_bottle":21,"stoneworks:cobbled_netherrack_slab":2,"minecraft:diamond_axe":1,"regions_unexplored:yellow_bioshroom_planks":16,"supplementaries:key":1,"fwaystones:stone_brick_waystone":4,"minecraft:spruce_door":3,"ironchests:iron_chest":4,"minecraft:copper_ingot":697,"techreborn:rubber_stair":4,"minecraft:red_mushroom":6,"betternether:rubeus_crafting_table":4,"minecraft:campfire":4,"minecraft:lectern":62,"twigs:cobblestone_bricks":1,"minecraft:chiseled_deepslate":1,"minecraft:stone_slab":22,"minecraft:iron_block":10,"minecraft:gold_ingot":355,"minecraft:netherite_ingot":2,"minecraft:golden_carrot":239,"zenith:hellshelf":8,"minecraft:red_terracotta":16,"minecraft:bone_meal":210,"betternether:nether_ruby_leggings":3,"minecraft:spruce_fence":6,"minecraft:pink_dye":16,"travelersbackpack:blank_upgrade":4,"travelersbackpack:gold_tier_upgrade":1,"minecraft:terracotta":22,"minecraft:netherrack":1,"minecraft:lantern":3,"minecraft:spruce_stairs":160,"minecraft:polished_diorite":3,"fwaystones:waystone":1,"minecraft:spruce_slab":690,"travelersbackpack:gold":2,"minecraft:diamond_boots":1,"botania:light_blue_petal":8,"ironchests:gold_chest":4,"minecraft:wheat":252,"botania:pink_petal":10,"minecraft:polished_blackstone_brick_slab":2,"minecraft:glowstone":22,"betternether:nether_ruby_boots":4,"regions_unexplored:pine_planks":44,"minecraft:golden_apple":44,"minecraft:iron_shovel":2,"minecraft:iron_leggings":7,"spell_engine:spell_binding":1,"minecraft:pink_terracotta":64,"minecraft:grindstone":1,"ironchests:copper_chest":4,"minecraft:oak_planks":16,"minecraft:purple_glazed_terracotta":33,"minecraft:stone":352,"betternether:nether_ruby_helmet":5,"minecraft:stone_brick_slab":6,"runes:healing_stone":64,"minecraft:iron_boots":7,"promenade:sakura_planks":304,"minecraft:chest":6,"minecraft:copper_block":82,"ironchests:gold_chest_upgrade":1,"botania:cyan_petal":20,"minecraft:crafting_table":2,"minecraft:spruce_planks":1652,"minecraft:iron_helmet":7,"minecraft:gold_block":30,"minecraft:brewing_stand":2,"betternether:rubeus_planks":32,"promenade:sakura_fence":3,"minecraft:spruce_trapdoor":142,"minecraft:iron_chestplate":5,"minecraft:purple_dye":66,"minecraft:shield":1,"minecraft:stick":88,"minecraft:light_blue_dye":8,"minecraft:iron_ingot":20,"paladins:holy_staff":1,"betternether:nether_ruby_chestplate":4,"minecraft:deepslate_bricks":1,"minecraft:blue_terracotta":64,"techreborn:rubber_planks":8,"croptopia:apple_sapling":7,"minecraft:coal":126,"minecraft:stone_brick_wall":2,"minecraft:leather_boots":2,"immersive_melodies:trumpet":1,"minecraft:mushroom_stew":9,"minecraft:glass_pane":112,"minecraft:scaffolding":66,"minecraft:netherite_chestplate":1,"minecraft:netherite_leggings":1,"minecraft:iron_hoe":1,"soulsweapons:moonstone_pickaxe":1,"minecraft:pink_glazed_terracotta":2,"stoneworks:mossy_netherrack_brick_slab":2,"minecraft:netherite_scrap":5,"stoneworks:polished_netherrack_slab":2,"stoneworks:nether_brick_plates":1,"travelersbackpack:diamond_tier_upgrade":1,"minecraft:red_dye":36,"minecraft:purple_terracotta":128,"tiered:limestone_chunk":44,"minecraft:cyan_dye":20,"minecraft:brown_mushroom":10,"minecraft:spruce_sign":30,"tiered:pyrite_chunk":8,"betternether:nether_ruby_hoe":1,"travelersbackpack:backpack_tank":2,"minecraft:bowl":8,"minecraft:nether_bricks":137,"minecraft:bucket":1,"minecraft:air":0,"minecraft:bread":86,"minecraft:jungle_planks":128,"minecraft:blue_dye":64,"minecraft:oak_boat":1,"minecraft:gold_nugget":1999,"minecraft:stonecutter":1,"minecraft:anvil":1,"minecraft:torch":44,"ironchests:lock":1,"minecraft:clay":44,"minecraft:diamond_chestplate":1},"minecraft:used":{"regions_unexplored:pine_planks":40,"minecraft:nether_brick_fence":1,"minecraft:chiseled_deepslate":1,"minecraft:spruce_slab":472,"betternether:nether_ruby_boots":1,"minecraft:chest":3,"minecraft:stone":227,"minecraft:soul_sand":28,"minecraft:snowball":11,"minecraft:stripped_spruce_log":84,"minecraft:polished_blackstone_slab":1,"frostiful:packed_snowball":6,"minecraft:lava_bucket":7,"minecraft:stone_brick_stairs":126,"stoneworks:polished_netherrack_slab":193,"create:polished_cut_calcite":278,"minecraft:bow":9,"minecraft:potato":4,"simplyswords:soulpyre":13,"simplyswords:ribboncleaver":1,"zenith:hellshelf":13,"ironchests:lock":1,"minecraft:mossy_stone_bricks":9,"minecraft:spruce_door":4,"simplyswords:brimstone_claymore":3130,"mcdw:whip_whip":70,"twigs:cobblestone_bricks":1,"simplyswords:emberblade":286,"minecraft:oak_leaves":10,"minecraft:golden_apple":24,"promenade:cotton_sakura_sapling":4,"minecraft:blast_furnace":4,"minecraft:blue_ice":2,"simplyswords:flamewind":1,"minecraft:purple_terracotta":101,"promenade:sakura_planks":91,"promenade:blush_sakura_sapling":3,"minecraft:lectern":77,"minecraft:red_terracotta":14,"minecraft:diamond_sword":84,"travelersbackpack:magma_cube":1,"minecraft:oak_boat":1,"simplyswords:toxic_longsword":28,"endrem:nether_eye":2,"minecraft:polished_blackstone_brick_slab":346,"betternether:nether_ruby_hoe":62,"stoneworks:stone_plate_stairs":88,"minecraft:netherrack":913,"minecraft:torch":55,"minecraft:brewing_stand":2,"minecraft:anvil":1,"simplyswords:storms_edge":18,"minecells:monsters_eye":1,"travelersbackpack:gold":7,"minecraft:iron_block":9,"spellbladenext:fire_claymore":431,"minecraft:glowstone":23,"minecraft:calcite":3,"minecraft:water_bucket":13,"minecraft:lead":4,"betternether:egg_plant":5,"minecraft:leather_boots":1,"minecraft:deepslate_bricks":77,"minecraft:polished_blackstone_bricks":6,"promenade:sakura_log":4,"minecraft:gilded_blackstone":22,"minecraft:mossy_cobblestone":24,"betternether:blue_obsidian":1,"minecraft:crafting_table":2,"supplementaries:bomb":3,"croptopia:apple_sapling":7,"promenade:sakura_fence":1,"minecraft:campfire":4,"minecraft:spruce_log":446,"minecraft:diamond_pickaxe":1923,"minecraft:diamond_shovel":2359,"minecraft:iron_pickaxe":274,"minecraft:spruce_trapdoor":229,"regions_unexplored:yellow_bioshroom_slab":2,"stoneworks:cobbled_netherrack_slab":2,"minecraft:spruce_sapling":36,"minecraft:cobblestone":88,"minecraft:potion":7,"minecraft:porkchop":7,"minecraft:cooked_porkchop":10,"minecraft:glass_pane":75,"betternether:rubeus_crafting_table":4,"minecraft:jukebox":1,"fwaystones:waystone":4,"minecraft:blue_terracotta":150,"minecraft:iron_shovel":446,"minecraft:shield":7,"minecraft:iron_sword":5,"minecraft:nether_wart":27,"minecraft:iron_chestplate":1,"minecraft:jungle_planks":33,"minecraft:nether_bricks":11,"minecraft:carrot":63,"minecraft:pink_terracotta":72,"minecraft:obsidian":24,"minecraft:lantern":1,"minecraft:iron_helmet":1,"betternether:willow_planks":1,"stoneworks:nether_brick_plates":126,"minecraft:stone_bricks":96,"minecraft:magma_block":1,"archers:mechanic_shortbow":26,"minecraft:written_book":5,"minecraft:scaffolding":104,"ironchests:gold_chest":6,"minecraft:birch_leaves":22,"minecraft:ender_pearl":2,"spell_engine:spell_binding":1,"minecraft:diamond_axe":1182,"fwaystones:stone_brick_waystone":1,"minecraft:mushroom_stew":8,"simplyswords:diamond_claymore":4,"minecraft:stone_brick_wall":2,"minecraft:shears":127,"simplyswords:mjolnir":13,"minecraft:firework_rocket":2,"minecraft:melon_slice":1,"minecraft:bread":221,"techreborn:rubber_stair":2,"minecraft:gravel":37,"bewitchment:elder_fence":7,"minecraft:blackstone_slab":3,"minecraft:grindstone":1,"betternether:nether_ruby_chestplate":1,"minecraft:air":3,"minecraft:bone_meal":109,"minecraft:experience_bottle":61,"stoneworks:mossy_netherrack_brick_slab":2,"minecraft:flint_and_steel":7,"regions_unexplored:yellow_bioshroom_stem":1,"minecraft:spruce_planks":229,"minecraft:dirt":1906,"minecraft:spruce_stairs":230,"minecraft:spruce_fence":6,"promenade:sakura_boat":1,"minecraft:iron_hoe":9,"minecraft:stone_brick_slab":59,"minecraft:bookshelf":8,"promenade:sakura_slab":75,"minecraft:golden_carrot":214,"minecraft:pink_glazed_terracotta":1,"minecraft:glass_bottle":17,"minecraft:red_nether_bricks":1,"minecraft:purple_glazed_terracotta":19,"minecraft:copper_block":106,"soulsweapons:moonstone_pickaxe":444,"minecraft:spruce_sign":28,"minecraft:stonecutter":1,"prominent:music_disc_coniferus_forest":2,"minecraft:terracotta":49,"bosses_of_mass_destruction:soul_star":1,"travelersbackpack:wolf":2,"archers:rapid_crossbow":57,"ae2:nether_quartz_pickaxe":32,"minecraft:apple":13,"minecraft:cracked_nether_bricks":17,"minecraft:stone_slab":14,"minecraft:bucket":21,"betternether:nether_ruby_pickaxe":3679},"minecraft:broken":{"betternether:nether_ruby_leggings":2,"minecraft:iron_boots":2,"minecraft:iron_leggings":1,"betternether:nether_ruby_chestplate":2,"minecraft:bow":1,"betternether:nether_ruby_pickaxe":1,"minecraft:iron_helmet":5,"betternether:nether_ruby_boots":2,"minecraft:netherite_boots":1,"minecraft:iron_shovel":1,"archers:archer_armor_legs":1,"betternether:nether_ruby_helmet":3},"minecraft:custom":{"minecraft:interact_with_crafting_table":116,"minecraft:open_barrel":2,"minecraft:bell_ring":1,"minecraft:leave_game":32,"minecraft:time_since_death":861178,"minecraft:damage_blocked_by_shield":1011,"minecraft:play_time":1901202,"minecraft:deaths":11,"minecraft:jump":27431,"minecraft:enchant_item":27,"minecraft:interact_with_furnace":122,"minecraft:play_record":2,"minecraft:sleep_in_bed":51,"minecraft:damage_dealt":171186,"minecraft:interact_with_smoker":2,"minecraft:interact_with_smithing_table":24,"minecraft:inspect_dispenser":32,"minecraft:horse_one_cm":7008735,"minecraft:inspect_dropper":2,"minecraft:interact_with_anvil":49,"minecraft:sneak_time":56121,"minecraft:interact_with_lectern":2,"minecraft:interact_with_blast_furnace":98,"minecraft:total_world_time":1901202,"minecraft:tune_noteblock":1,"minecraft:interact_with_stonecutter":46,"minecraft:time_since_rest":98542,"minecraft:swim_one_cm":35222,"minecraft:fly_one_cm":7179220,"minecraft:open_chest":688,"minecraft:fall_one_cm":1679039,"lootr:looted_stat":510,"minecraft:damage_resisted":227,"minecraft:sprint_one_cm":4399103,"minecraft:drop":624,"minecraft:talked_to_villager":11,"minecraft:interact_with_brewingstand":40,"minecraft:walk_on_water_one_cm":122474,"minecraft:open_enderchest":1,"minecraft:player_kills":2,"minecraft:crouch_one_cm":196733,"minecraft:mob_kills":947,"minecraft:damage_dealt_resisted":217,"minecraft:climb_one_cm":115416,"minecraft:walk_one_cm":5470725,"minecraft:raid_win":1,"minecraft:walk_under_water_one_cm":67005,"minecraft:boat_one_cm":20961,"minecraft:raid_trigger":2,"minecraft:interact_with_grindstone":2,"minecraft:hex":0,"minecraft:damage_taken":45531,"minecraft:damage_absorbed":660,"minecraft:threat":24},"minecraft:mined":{"minecraft:red_nether_brick_slab":9,"minecells:putrid_fence":10,"bewitchment:elder_fence":8,"minecraft:black_terracotta":1,"botania:red_mystical_flower":3,"minecraft:red_nether_bricks":9,"minecraft:obsidian":32,"minecraft:jungle_log":1,"minecraft:coal_block":14,"minecraft:deepslate_bricks":50,"betternether:jungle_moss":2,"minecraft:deepslate_tile_stairs":1,"minecraft:nether_wart":51,"minecraft:chiseled_stone_bricks":1,"minecraft:spawner":12,"minecraft:polished_blackstone_bricks":41,"minecraft:magma_block":5,"botania:purple_mystical_flower":3,"regions_unexplored:pointed_redstone":2,"minecraft:sticky_piston":2,"minecraft:fire":220,"frostiful:cold_sun_lichen":1,"minecraft:nether_brick_stairs":3,"regions_unexplored:pine_leaves":1,"croptopia:apple_crop":60,"minecraft:polished_deepslate_slab":2,"minecraft:dirt_path":3,"stoneworks:stone_plate_stairs":32,"minecraft:iron_block":4,"botania:light_blue_mystical_flower":5,"minecraft:tripwire":4,"minecraft:piston_head":1,"archon:fire_node":17,"betternether:netherrack_stalactite":3,"minecraft:brown_mushroom":16,"betternether:eyeball":1,"minecraft:smoker":2,"minecraft:soul_fire":4,"minecraft:powder_snow":97,"minecraft:blast_furnace":4,"regions_unexplored:glowing_yellow_bioshroom_block":1,"minecraft:melon":12,"create:scoria":8,"minecraft:nether_brick_slab":10,"minecraft:spruce_wall_sign":7,"promenade:stripped_sakura_log":4,"regions_unexplored:pine_log":3,"minecells:bloomrock":5,"minecraft:repeater":2,"regions_unexplored:glister_bulb":1,"minecraft:wheat":22,"minecraft:lilac":21,"minecraft:jukebox":1,"betternether:egg_plant":61,"minecraft:stone_brick_stairs":64,"minecraft:copper_block":42,"minecraft:grass":41,"betternether:willow_planks":1,"minecraft:smooth_basalt":20,"travelersbackpack:gold":3,"minecraft:piston":10,"regions_unexplored:mycotoxic_grass":6,"regions_unexplored:glistering_sprout":3,"minecraft:purple_glazed_terracotta":19,"minecraft:mossy_cobblestone":31,"minecraft:cobbled_deepslate_slab":2,"minecraft:nether_bricks":62,"minecraft:spruce_fence":2,"minecraft:redstone_wire":7,"minecraft:red_mushroom":8,"techreborn:bauxite_ore":2,"minecraft:moss_block":1,"travelersbackpack:bat":1,"minecraft:packed_mud":1,"stoneworks:nether_brick_plates":2,"minecraft:snow":19,"stoneworks:mossy_netherrack_brick_slab":2,"minecraft:andesite":1,"betternether:feather_fern":1,"betternether:wall_mushroom_brown":21,"minecells:hanged_rotting_corpse":1,"minecraft:mossy_stone_brick_stairs":2,"minecraft:potatoes":10,"promenade:snowy_spruce_leaves":24,"minecraft:vine":4,"minecraft:rail":1,"minecraft:bamboo":15,"ae2:sky_stone_block":3,"minecraft:bone_block":2,"create:polished_cut_calcite":99,"minecraft:pink_glazed_terracotta":1,"minecraft:ender_chest":1,"promenade:sakura_log":18,"minecraft:glass_pane":11,"stoneworks:polished_netherrack_slab":31,"minecraft:chiseled_nether_bricks":4,"minecraft:soul_sand":35,"minecraft:stone_brick_slab":15,"archon:water_node":1,"minecraft:polished_blackstone_brick_wall":5,"betternether:rubeus_bark":9,"ironchests:gold_chest":2,"minecraft:copper_ore":175,"minecraft:tall_grass":3,"promenade:cotton_sakura_blossoms":1,"promenade:sakura_planks":1,"minecraft:diorite":51,"minecraft:red_terracotta":4,"techreborn:rubber_leaves":6,"betternether:jungle_plant":19,"techreborn:cinnabar_ore":2,"minecraft:spruce_log":127,"minecraft:birch_leaves":96,"frostiful:packed_snow_bricks":2,"betternether:wall_mushroom_red":8,"techreborn:pyrite_ore":29,"croptopia:grapefruit_crop":8,"minecraft:gravel":106,"minecraft:cobweb":69,"betternether:swamp_grass":1,"minecraft:polished_blackstone":3,"minecraft:stone_bricks":59,"minecraft:fern":2,"minecraft:spruce_planks":34,"minecraft:stone_pressure_plate":13,"minecraft:farmland":2,"betternether:nether_reed_stem":33,"minecraft:spruce_trapdoor":100,"minecraft:infested_cobblestone":21,"minecraft:grass_block":1249,"regions_unexplored:yellow_bioshroom_stem":6,"minecraft:cracked_polished_blackstone_bricks":11,"twigs:twig":7,"modern_industrialization:lignite_coal_ore":17,"promenade:blush_sakura_blossom_pile":70,"minecraft:soul_soil":6,"minecraft:polished_blackstone_brick_slab":215,"minecells:putrid_board_block":2,"minecraft:mud_bricks":4,"betternether:cincinnasite_ore":3,"minecraft:gilded_blackstone":121,"croptopia:cherry_crop":1,"minecraft:glowstone":21,"betternether:eye_vine":1,"minecraft:red_nether_brick_stairs":1,"minecraft:iron_ore":51,"twigs:silt":2,"betternether:black_vine":1,"minecraft:spruce_slab":87,"minecraft:blackstone":200,"minecraft:soul_lantern":2,"minecells:putrid_planks":2,"minecraft:clay":44,"promenade:blush_sakura_blossoms":3,"regions_unexplored:mycotoxic_daisy":1,"minecraft:calcite":154,"minecraft:poppy":20,"minecraft:nether_quartz_ore":12,"minecraft:cobblestone":38,"minecraft:prismarine":1,"betternether:nether_ruby_ore":131,"minecraft:wall_torch":1,"minecraft:blue_terracotta":126,"lootr:trophy":1,"betternether:neon_equisetum":1,"minecraft:cracked_deepslate_tiles":1,"minecraft:oak_log":3,"minecraft:dirt":978,"minecraft:sand":94,"betternether:nether_redstone_ore":5,"minecraft:netherrack":2315,"minecraft:ancient_debris":2,"minecells:bloomrock_wilted_grass_block":5,"minecraft:oak_leaves":17,"regions_unexplored:glistering_nylium":6,"minecraft:emerald_block":11,"minecraft:nether_gold_ore":36,"minecraft:crying_obsidian":2,"minecraft:purple_terracotta":74,"techreborn:sphalerite_ore":1,"minecraft:spruce_leaves":5,"regions_unexplored:pine_planks":1,"rare-ice:rare_ice":1,"regions_unexplored:raw_redstone_block":7,"minecraft:cracked_nether_bricks":22,"minecraft:hay_block":24,"minecraft:oxidized_cut_copper":3,"minecraft:spruce_sapling":1,"zenith:hellshelf":5,"minecraft:carrots":60,"create:scorchia":48,"minecraft:stripped_spruce_log":103,"minecraft:chiseled_deepslate":1,"treechop:chopped_log":14,"regions_unexplored:frozen_grass":3,"minecells:crate":1,"minecraft:peony":14,"minecraft:gold_block":53,"minecraft:nether_brick_fence":6,"betternether:wall_moss":6,"minecraft:bookshelf":29,"bewitchment:salt_ore":1,"minecraft:lantern":2,"minecraft:packed_ice":11,"betternether:nether_lapis_ore":1,"regions_unexplored:medium_grass":2,"regions_unexplored:orange_maple_leaf_pile":1,"minecraft:stone":957,"regions_unexplored:redstone_bulb":1,"minecraft:pink_terracotta":37,"minecraft:podzol":34,"minecraft:scaffolding":34,"soulsweapons:altar_block":1,"regions_unexplored:silver_birch_leaf_pile":5,"minecraft:snow_block":202,"minecraft:basalt":17,"regions_unexplored:mycotoxic_moss":26,"minecraft:spruce_door":3,"minecraft:cyan_stained_glass_pane":2,"minecraft:blackstone_slab":8,"betternether:rubeus_log":1,"minecraft:lectern":22,"minecraft:lily_pad":2,"minecraft:polished_blackstone_brick_stairs":12,"promenade:sakura_slab":11,"betternether:rubeus_leaves":16,"botania:pink_mystical_flower":5,"minecells:small_crate":1,"minecraft:spruce_stairs":92,"minecraft:prismarine_bricks":1,"botania:cyan_mystical_flower":10,"botania:red_double_flower":1,"betternether:blooming_vine":2,"regions_unexplored:redstone_bud":3,"minecraft:polished_blackstone_slab":1,"modern_industrialization:antimony_ore":1,"stoneworks:cobbled_netherrack_slab":2,"minecraft:coal_ore":70,"regions_unexplored:mycotoxic_mushrooms":2,"minecraft:cracked_stone_bricks":6,"twigs:cobblestone_bricks":1,"minecraft:terracotta":281,"minecraft:mossy_stone_bricks":14,"techreborn:rubber_log":2},"minecraft:dropped":{"betternether:wall_mushroom_red":5,"minecraft:piston":10,"minecraft:glass_bottle":3,"minecraft:diamond":2,"minecraft:cooked_porkchop":21,"betternether:rubeus_bark":1,"minecraft:crossbow":1,"promenade:sakura_planks":6,"minecraft:mossy_stone_brick_stairs":2,"minecraft:cracked_stone_bricks":3,"minecraft:saddle":1,"minecells:monsters_eye":1,"minecells:putrid_sapling":4,"promenade:blush_sakura_sapling":2,"minecraft:rail":1,"minecraft:red_mushroom":3,"betternether:black_bush":1,"betternether:nether_reed_stem":16,"minecraft:item_frame":2,"bewitchment:aconite_seeds":2,"twigs:pebble":32,"minecraft:dirt":30,"betternether:nether_ruby_chestplate":1,"create:scorchia":2,"minecraft:gold_nugget":32,"minecraft:bone_block":1,"minecraft:fermented_spider_eye":4,"regions_unexplored:redstone_bulb":2,"bewitchment:belladonna_seeds":1,"minecraft:bone":63,"botania:pink_double_flower":1,"minecraft:iron_nugget":25,"minecraft:obsidian":1,"minecells:putrid_planks":1,"minecraft:rotten_flesh":55,"minecraft:enchanted_golden_apple":2,"minecraft:glowstone_dust":12,"minecraft:nether_brick_fence":6,"minecraft:tipped_arrow":2,"techreborn:sphalerite_dust":6,"simplyswords:mjolnir":3,"minecraft:spruce_slab":1,"minecraft:red_nether_bricks":9,"minecraft:crying_obsidian":2,"minecraft:stone_brick_stairs":2,"minecraft:enchanted_book":6,"minecraft:golden_boots":1,"minecraft:iron_ingot":34,"minecraft:chiseled_nether_bricks":3,"minecells:firebrands":14,"minecraft:wheat_seeds":65,"betternether:feather_fern":1,"endrem:witch_pupil":1,"regions_unexplored:mycotoxic_mushrooms":7,"minecraft:oxidized_cut_copper":3,"minecraft:iron_helmet":3,"minecraft:cobblestone":3,"minecraft:book":58,"minecells:small_crate":1,"minecraft:golden_apple":36,"immersive_armors:warrior_chestplate":1,"minecraft:chainmail_helmet":1,"minecraft:coal":13,"minecraft:mushroom_stew":1,"minecraft:cobweb":2,"betternether:rubeus_sapling":3,"minecraft:golden_carrot":41,"minecells:putrid_fence":9,"artifacts:plastic_drinking_hat":1,"regions_unexplored:glistering_sprout":1,"mcdw:spear_spear":1,"regions_unexplored:silver_birch_leaf_pile":12,"minecraft:chainmail_leggings":1,"minecraft:paper":7,"minecraft:string":50,"minecraft:lily_pad":2,"minecells:multiple_nocks_bow":1,"minecraft:spruce_sapling":52,"techreborn:pyrite_dust":3,"minecraft:stone_sword":1,"minecraft:bowl":2,"minecraft:sticky_piston":3,"minecraft:iron_boots":4,"betternether:cincinnasite":5,"minecraft:nether_bricks":14,"minecraft:spruce_fence":4,"betternether:nether_ruby_pickaxe":1,"simplyswords:soulpyre":1,"supplementaries:quiver":1,"minecraft:sea_pickle":6,"simplyswords:storms_edge":1,"minecraft:spruce_planks":24,"minecraft:diamond_pickaxe":3,"bewitchment:ectoplasm":2,"minecraft:spider_eye":6,"minecells:guts":25,"minecraft:stone_pressure_plate":14,"minecraft:stone_bricks":4,"minecraft:bamboo":40,"betternether:rubeus_planks":11,"minecraft:bow":1,"techreborn:invar_ingot":1,"regions_unexplored:orange_maple_leaf_pile":13,"minecraft:magma_block":6,"artifacts:fire_gauntlet":1,"minecraft:spruce_sign":1,"minecraft:soul_sand":34,"minecraft:moss_block":1,"minecraft:brown_mushroom":17,"minecraft:diamond_axe":2,"minecells:electric_whip":1,"regions_unexplored:glister_spire":1,"minecraft:leather":3,"techreborn:cinnabar_dust":4,"bewitchment:elder_sapling":3,"betternether:nether_ruby":1,"minecraft:deepslate_tile_stairs":1,"minecraft:cracked_polished_blackstone_bricks":1,"betternether:nether_ruby_leggings":1,"minecells:infected_flesh":14,"betternether:wall_mushroom_brown":13,"minecraft:snowball":1655,"betternether:cincinnasite_stairs":2,"minecraft:polished_blackstone_bricks":13,"regions_unexplored:pointed_redstone":8,"immersive_melodies:triangle":1,"regions_unexplored:yellow_bioshroom":2,"betternether:wall_moss":11,"twigs:twig":19,"minecraft:cauldron":2,"minecraft:gravel":10,"regions_unexplored:raw_redstone_block":7,"frostiful:icicle":23,"minecraft:blackstone":8,"betternether:jungle_moss":7,"minecraft:pointed_dripstone":2,"minecraft:prismarine":1,"travelersbackpack:bat":1,"betternether:netherrack_stalactite":16,"minecells:quick_bow":1,"patchouli:guide_book":1,"regions_unexplored:mycotoxic_grass":9,"herbalbrews:tea_blossom":1,"minecraft:gunpowder":4,"minecraft:birch_trapdoor":4,"minecraft:skeleton_skull":2,"minecraft:chainmail_boots":1,"modern_industrialization:lignite_coal":2,"spellbladenext:fire_claymore":1,"minecraft:basalt":6,"minecraft:arrow":26,"minecraft:prismarine_bricks":1,"minecraft:cracked_nether_bricks":5,"minecraft:netherrack":782,"minecraft:bread":1,"twigs:bamboo_leaves":35,"archon:fire_gem":5,"betternether:blue_obsidian":2,"minecraft:mossy_cobblestone":7,"betternether:egg_plant":11,"mythicmounts:firebird_feather":1,"ae2:sky_stone_block":1,"tiered:limestone_chunk":13,"minecraft:lead":1,"simplyswords:flamewind":1,"techreborn:aluminum_ingot":1,"regions_unexplored:pine_sapling":1,"minecraft:stick":67,"minecells:bloomrock":3,"frostiful:packed_snowball":3,"minecraft:torch":2,"minecraft:repeater":2,"minecells:explosive_bulb":2,"regions_unexplored:mycotoxic_daisy":1,"minecraft:fire_charge":1,"minecraft:iron_leggings":4,"minecells:metal_shards":1,"minecraft:bucket":1,"minecraft:redstone":27,"minecraft:nether_brick_slab":1,"minecraft:blue_terracotta":44,"create:shaft":2,"minecraft:nether_wart":8,"immersive_melodies:bagpipe":1,"simplyswords:ribboncleaver":1,"betternether:nether_ruby_boots":2,"simplyswords:brimstone_claymore":4,"regions_unexplored:small_oak_sapling":1,"betternether:lapis_pile":16,"minecraft:deepslate_bricks":1,"minecraft:filled_map":4,"vinery:taiga_grapes_red":12,"minecraft:mud_bricks":2,"minecells:putrid_board_block":1,"fishofthieves:earthworms":77,"minecraft:iron_chestplate":5,"minecraft:andesite":3,"minecraft:blue_ice":2,"minecraft:oak_sapling":1,"minecraft:golden_sword":1,"minecells:health_flask":11,"minecraft:spruce_log":64,"regions_unexplored:yellow_bioshroom_planks":5,"betternether:nether_ruby_helmet":1,"frostiful:frost_tipped_arrow":1,"regions_unexplored:yellow_bioshroom_slab":4,"minecraft:calcite":1},"minecraft:killed_by":{"adventurez:blaze_guardian":4,"minecraft:hoglin":1,"minecraft:skeleton":1},"minecraft:killed":{"minecraft:cave_spider":15,"betternether:skull":1,"betternether:firefly":4,"minecraft:skeleton":84,"minecraft:guardian":1,"adventurez:blaze_guardian":9,"minecells:protector":4,"minecells:grenadier":8,"minecraft:magma_cube":53,"naturalist:firefly":1,"mutantmonsters:mutant_skeleton":2,"minecraft:pillager":49,"bewitchment:owl":1,"archon:mana_leech":2,"tinyskeletons:baby_skeleton":3,"minecraft:zombie":69,"minecells:shieldbearer":3,"minecells:mutated_bat":10,"minecraft:vindicator":22,"minecells:undead_archer":18,"soulsweapons:dark_sorcerer":15,"mythicmobs:kobold":3,"creeperoverhaul:snowy_creeper":1,"frostiful:biter":6,"minecraft:husk":3,"graveyard:ghoul":7,"adventurez:soul_reaper":3,"minecraft:ravager":2,"mythicmobs:drake":1,"friendsandfoes:wildfire":1,"adventurez:deer":2,"minecraft:enderman":7,"minecraft:zombified_piglin":26,"minecraft:witch":3,"graveyard:skeleton_creeper":3,"mythicmounts:nightmare":2,"minecraft:spider":29,"minecraft:silverfish":13,"minecraft:illusioner":1,"minecells:leaping_zombie":58,"frostiful:chillager":92,"minecraft:piglin_brute":17,"frostiful:frostologer":1,"betternether:hydrogen_jellyfish":6,"minecraft:piglin":17,"minecraft:zombie_villager":1,"minecraft:strider":2,"minecraft:creeper":2,"minecraft:sheep":2,"minecraft:ghast":15,"minecraft:blaze":54,"adventurez:nightmare":3,"bewitchment:ghost":2,"minecraft:phantom":2,"mythicmobs:chupacabra":2,"friendsandfoes:iceologer":2,"betternether:naga":14,"minecells:runner":10,"creeperoverhaul:spruce_creeper":1,"minecraft:hoglin":15,"minecraft:wither_skeleton":30,"minecraft:player":2}},"DataVersion":3465}