{"stats":{"minecraft:picked_up":{"minecraft:iron_chestplate":5,"minecraft:lead":2,"regions_unexplored:glistering_sprout":5,"minecraft:oak_stairs":1,"minecraft:brewing_stand":1,"botania:light_blue_mushroom":1,"minecraft:polished_blackstone_brick_stairs":2,"minecraft:string":23,"create:limestone":73,"minecraft:gold_nugget":648,"minecraft:cobbled_deepslate":111,"bosses_of_mass_destruction:soul_star":1,"minecraft:spruce_planks":138,"techreborn:rubber_log":106,"minecraft:composter":1,"minecraft:big_dripleaf":5,"minecraft:deepslate_tile_stairs":1,"betternether:cincinnasite":24,"create:scoria":1,"botania:blue_double_flower":1,"supplementaries:ash":70,"minecraft:snowball":776,"archon:fire_gem":3,"minecraft:magma_block":8,"techreborn:sphalerite_dust":6,"minecraft:feather":8,"betternether:jungle_moss":1,"minecraft:smoker":2,"minecraft:flint":4,"betternether:magma_flower":5,"farmersdelight:tomato":6,"artifacts:flippers":1,"betternether:geyser":2,"fishofthieves:earthworms":51,"minecraft:diamond_helmet":1,"regions_unexplored:yellow_bioshroom_stem":4,"minecraft:glowstone_dust":50,"minecraft:honeycomb":8,"betternether:wall_moss":1,"archon:earth_gem":1,"techreborn:cinnabar_dust":3,"minecraft:granite":1,"minecraft:bread":16,"minecraft:chainmail_helmet":1,"minecraft:dark_oak_fence":4,"modern_industrialization:lignite_coal":125,"minecraft:crafting_table":4,"minecraft:clay_ball":16,"techreborn:pyrite_dust":34,"regions_unexplored:mycotoxic_daisy":1,"promenade:sakura_sign":1,"create:scorchia":2,"minecraft:iron_shovel":1,"betternether:willow_planks":2,"minecraft:beef":3,"minecraft:iron_nugget":79,"betternether:netherrack_stalactite":3,"minecraft:chest":5,"techreborn:rubber_planks":13,"techreborn:ruby_gem":6,"minecraft:spruce_fence":1,"minecraft:fire_charge":3,"minecraft:carrot":223,"betternether:nether_ruby":22,"minecraft:redstone":60,"betternether:cincinnasite_stairs":2,"minecraft:hay_block":9,"minecraft:gold_ingot":54,"minecraft:bone_block":20,"minecraft:rail":1,"minecraft:red_mushroom":8,"croptopia:glowing_calamari":9,"minecraft:oak_log":56,"bewitchment:aconite_seeds":2,"techreborn:yellow_garnet_gem":5,"farmersdelight:cooking_pot":1,"regions_unexplored:glistering_ivy":1,"techreborn:deepslate_bauxite_ore":2,"minecraft:gray_bed":1,"minecraft:flowering_azalea":1,"minecraft:smooth_basalt":4,"modern_industrialization:raw_tungsten":1,"betternether:black_bush":5,"minecraft:sweet_berries":3,"minecraft:gravel":35,"fishofthieves:ancientscale":1,"powah:uraninite_raw":5,"minecraft:spruce_sapling":30,"minecraft:spruce_log":222,"minecraft:crying_obsidian":11,"modern_industrialization:monazite_dust":1,"winterly:icicle":1,"modern_industrialization:raw_nickel":1,"minecraft:light_blue_carpet":14,"minecraft:gray_wool":123,"minecraft:red_nether_brick_slab":2,"minecraft:wheat":40,"botania:blue_mushroom":1,"soulsweapons:moonstone":17,"minecraft:potion":3,"minecraft:gilded_blackstone":8,"minecraft:nether_brick":16,"minecraft:raw_copper":52,"betternether:blue_obsidian":3,"techreborn:galena_ore":1,"promenade:sakura_boat":4,"promenade:sakura_log":238,"minecraft:bucket":2,"twigs:pebble":16,"minecraft:calcite":8,"farmersdelight:cabbage_seeds":1,"minecraft:furnace":1,"minecraft:stick":24,"minecraft:torch":105,"twigs:silt_ball":8,"minecraft:spruce_stairs":3,"travelersbackpack:iron_tier_upgrade":1,"twigs:bamboo_leaves":101,"minecraft:porkchop":3,"minecraft:diorite":2,"betternether:lapis_pile":22,"minecraft:rotten_flesh":69,"supplementaries:antique_ink":4,"create:asurine":2,"paladins:priest_robe_head":1,"minecraft:obsidian":8,"minecraft:cobblestone":215,"minecraft:magma_cream":7,"minecraft:andesite":5,"promenade:cotton_sakura_sapling":5,"betternether:willow_stairs":1,"minecraft:tuff":3,"supplementaries:flax_seeds":18,"adventurez:gilded_blackstone_shard":1,"minecraft:dirt":198,"minecraft:lapis_lazuli":604,"minecraft:bone":105,"minecraft:bow":3,"minecraft:wheat_seeds":120,"minecraft:raw_gold":162,"minecraft:bamboo":386,"twigs:twig":70,"travelersbackpack:gold":2,"minecraft:cooked_porkchop":5,"promenade:duck":1,"techreborn:raw_lead":2,"techreborn:rubber_sapling":29,"techreborn:sapphire_gem":8,"minecraft:spectral_arrow":16,"techreborn:red_garnet_gem":3,"minecraft:dark_prismarine":2,"techreborn:peridot_gem":2,"minecraft:diamond":16,"minecraft:spruce_boat":1,"betternether:cincinnasite_pillar":1,"minecraft:cracked_polished_blackstone_bricks":4,"soulsweapons:verglas":7,"minecraft:spruce_sign":2,"minecraft:emerald":66,"minecraft:netherrack":450,"indrev:nikolite_dust":46,"mcdw:sword_dancers_sword":1,"twigs:petrified_lichen":1,"minecraft:splash_potion":1,"minecraft:ladder":5,"betternether:blue_crying_obsidian":2,"minecraft:brown_mushroom":8,"minecraft:gold_block":15,"promenade:blush_sakura_sapling":53,"ad_astra:sky_stone":3,"minecraft:item_frame":1,"artifacts:fire_gauntlet":1,"minecraft:blackstone":35,"graveyard:corruption":1,"techreborn:raw_silver":6,"mythicmobs:chupacabra_raw_meat":1,"minecraft:candle":5,"mythicmounts:firebird_feather":2,"minecraft:player_head":3,"minecraft:light_gray_wool":18,"minecraft:sugar_cane":78,"betternether:rubeus_bark":4,"minecraft:raw_iron":129,"jewelry:jade":2,"minecraft:polished_blackstone_bricks":14,"promenade:sakura_planks":29,"minecraft:arrow":72,"bewitchment:garlic":21,"regions_unexplored:redstone_bulb":1,"mcda:gemstone_blue":1,"minecraft:nether_bricks":3,"jewelry:iron_ring":1,"minecraft:stripped_dark_oak_wood":8,"artifacts:cross_necklace":1,"minecraft:black_banner":2,"minecraft:skeleton_skull":6,"minecraft:netherite_boots":1,"regions_unexplored:glistering_fern":1,"modern_industrialization:raw_antimony":1,"minecraft:basalt":24,"minecraft:glow_ink_sac":7,"minecraft:leather":5,"minecraft:gunpowder":7,"bewitchment:mandrake_seeds":1,"minecraft:iron_ingot":16,"regions_unexplored:yellow_bioshroom":2,"minecraft:soul_sand":27,"minecraft:book":426,"mcda:gemstone_green":1,"minecraft:pumpkin":14,"minecraft:quartz":17,"bewitchment:belladonna_seeds":1,"minecraft:spider_eye":3,"minecraft:iron_helmet":1,"betternether:cincinnasite_block":5,"minecraft:terracotta":7,"minecraft:dark_oak_wood":1,"minecraft:coal":121},"minecraft:killed_by":{"minecraft:warden":1,"mutantmonsters:mutant_zombie":3,"minecraft:creeper":1,"minecraft:witch":1,"minecraft:player":2,"minecraft:skeleton":3},"minecraft:broken":{"minecraft:iron_boots":1,"minecraft:iron_chestplate":1,"minecraft:iron_leggings":2,"minecraft:iron_axe":1,"minecraft:iron_pickaxe":1,"minecraft:iron_helmet":1},"minecraft:custom":{"minecraft:interact_with_crafting_table":132,"minecraft:eat_cake_slice":3,"minecraft:leave_game":4,"minecraft:time_since_death":236306,"minecraft:damage_blocked_by_shield":255,"minecraft:play_time":696135,"minecraft:deaths":18,"minecraft:jump":11747,"minecraft:enchant_item":5,"minecraft:interact_with_furnace":59,"minecraft:traded_with_villager":130,"minecraft:interact_with_cartography_table":1,"minecraft:sleep_in_bed":14,"minecraft:damage_dealt":68164,"minecraft:interact_with_smoker":4,"minecraft:horse_one_cm":219647,"minecraft:interact_with_smithing_table":5,"minecraft:interact_with_anvil":17,"minecraft:sneak_time":45861,"minecraft:total_world_time":710550,"minecraft:time_since_rest":96398,"minecraft:swim_one_cm":4336,"minecraft:fly_one_cm":1984598,"minecraft:open_chest":495,"minecraft:fall_one_cm":492312,"lootr:looted_stat":154,"minecraft:damage_resisted":4,"minecraft:sprint_one_cm":1645072,"minecraft:drop":342,"minecraft:talked_to_villager":47,"minecraft:walk_on_water_one_cm":74225,"minecraft:player_kills":1,"minecraft:crouch_one_cm":192296,"minecraft:mob_kills":333,"minecraft:damage_dealt_resisted":0,"minecraft:climb_one_cm":50668,"minecraft:walk_one_cm":1933053,"minecraft:walk_under_water_one_cm":56142,"minecraft:boat_one_cm":52817,"minecraft:hex":0,"minecraft:damage_taken":22109},"minecraft:mined":{"minecraft:red_nether_brick_slab":2,"regions_unexplored:yellow_bioshroom_block":1,"minecraft:light_blue_carpet":7,"minecraft:obsidian":7,"minecraft:granite":2,"minecraft:deepslate_tile_stairs":1,"betternether:jungle_moss":4,"minecraft:spawner":4,"minecraft:polished_blackstone_bricks":17,"betternether:moss_cover":2,"minecraft:magma_block":7,"minecraft:fire":32,"techreborn:deepslate_lead_ore":1,"minecraft:pumpkin":15,"minecraft:deepslate_lapis_ore":37,"minecraft:stripped_dark_oak_wood":8,"minecraft:sculk_shrieker":5,"minecraft:oak_stairs":1,"minecraft:deepslate_brick_stairs":1,"powah:uraninite_ore_poor":1,"create:limestone":75,"archon:fire_node":3,"betternether:netherrack_stalactite":1,"minecraft:brown_mushroom":2,"techreborn:deepslate_bauxite_ore":2,"betternether:eyeball":1,"soulsweapons:verglas_ore_deepslate":2,"minecraft:smoker":2,"minecraft:powder_snow":15,"minecraft:torch":2,"minecraft:dark_oak_wood":1,"create:scoria":1,"minecraft:nether_brick_slab":1,"minecraft:spruce_wall_sign":1,"minecraft:sugar_cane":25,"techreborn:silver_ore":1,"minecraft:wheat":41,"minecraft:jukebox":1,"betternether:egg_plant":4,"minecraft:stone_brick_stairs":3,"minecraft:grass":9,"archon:earth_node":1,"betternether:willow_planks":2,"minecraft:stripped_birch_wood":1,"regions_unexplored:glistering_ivy":3,"minecraft:smooth_basalt":2,"twigs:rhyolite":2,"travelersbackpack:gold":2,"minecraft:deepslate":116,"regions_unexplored:glistering_sprout":2,"techreborn:sapphire_ore":6,"minecraft:dark_prismarine":2,"powah:deepslate_uraninite_ore":2,"minecraft:mossy_cobblestone":3,"minecraft:dark_oak_fence":4,"minecraft:nether_bricks":5,"minecraft:redstone_ore":1,"betternether:wall_mushroom_brown":1,"minecraft:andesite":5,"modern_industrialization:deepslate_monazite_ore":1,"promenade:snowy_spruce_leaves":2,"minecraft:vine":23,"modern_industrialization:deepslate_nickel_ore":1,"minecraft:bamboo":39,"minecraft:bone_block":15,"promenade:sakura_log":7,"techreborn:deepslate_silver_ore":7,"minecraft:soul_sand":1,"betternether:cincinnasite_block":5,"betternether:cincinnasite_stairs":2,"betternether:rubeus_bark":5,"minecraft:emerald_ore":1,"bewitchment:garlic":7,"minecraft:copper_ore":16,"minecraft:deepslate_gold_ore":130,"minecraft:diorite":10,"jewelry:deepslate_gem_vein":2,"betternether:jungle_plant":1,"techreborn:cinnabar_ore":3,"techreborn:ruby_ore":4,"minecraft:spruce_log":2,"minecraft:birch_leaves":3,"techreborn:pyrite_ore":34,"betternether:wall_mushroom_red":1,"minecraft:gravel":28,"minecraft:cobweb":13,"minecraft:stone_bricks":3,"minecraft:gold_ore":27,"minecraft:fern":1,"minecraft:spruce_planks":21,"minecraft:sculk_vein":4,"minecraft:brewing_stand":2,"minecraft:grass_block":130,"regions_unexplored:yellow_bioshroom_stem":3,"minecraft:cracked_polished_blackstone_bricks":4,"modern_industrialization:lignite_coal_ore":106,"promenade:blush_sakura_blossom_pile":5,"minecraft:purple_stained_glass_pane":1,"minecraft:mud_bricks":3,"minecraft:composter":1,"betternether:cincinnasite_ore":6,"minecraft:gilded_blackstone":10,"betternether:nether_grass":1,"minecraft:sculk_catalyst":1,"minecraft:glowstone":19,"minecraft:iron_ore":93,"create:asurine":2,"minecraft:azalea":1,"minecraft:deepslate_redstone_ore":12,"betternether:golden_vine":4,"modern_industrialization:deepslate_tungsten_ore":1,"minecraft:blackstone":9,"minecraft:polished_deepslate_stairs":1,"betternether:willow_stairs":1,"promenade:blush_sakura_blossoms":2,"regions_unexplored:mycotoxic_daisy":1,"minecraft:calcite":7,"minecraft:chest":5,"minecraft:nether_quartz_ore":11,"minecraft:cobblestone":61,"minecraft:wall_torch":2,"betternether:nether_ruby_ore":13,"betternether:magma_flower":1,"modern_industrialization:deepslate_lignite_coal_ore":25,"botania:blue_mushroom":1,"minecraft:red_candle":1,"betternether:geyser":1,"betternether:neon_equisetum":1,"minecraft:light_gray_wool":19,"minecraft:oak_log":3,"techreborn:galena_ore":1,"minecraft:dirt":61,"minecraft:netherrack":532,"regions_unexplored:glistering_nylium":7,"soulsweapons:verglas_ore":5,"minecraft:nether_gold_ore":158,"minecraft:diamond_ore":2,"minecraft:crying_obsidian":9,"minecraft:tuff":4,"minecraft:deepslate_diamond_ore":14,"modern_industrialization:deepslate_antimony_ore":1,"minecraft:ladder":5,"techreborn:sphalerite_ore":6,"create:ochrum":1,"betternether:black_bush":3,"regions_unexplored:overgrown_bone_block":5,"minecraft:spruce_leaves":19,"minecraft:cracked_nether_bricks":1,"mythicmounts:firebird_feather":1,"minecraft:hay_block":9,"minecraft:furnace":1,"minecraft:carrots":66,"create:scorchia":1,"treechop:chopped_log":67,"indrev:deepslate_nikolite_ore":10,"minecraft:gold_block":16,"soulsweapons:moonstone_ore_deepslate":17,"betternether:wall_moss":1,"minecraft:bookshelf":145,"minecraft:deepslate_iron_ore":28,"bewitchment:salt_ore":5,"minecraft:packed_ice":3,"betternether:nether_lapis_ore":6,"minecraft:stone":149,"regions_unexplored:redstone_bulb":1,"farmersdelight:cooking_pot":1,"minecraft:podzol":1,"winterly:icicle":1,"minecraft:basalt":8,"regions_unexplored:mycotoxic_moss":1,"minecraft:crafting_table":4,"minecraft:sculk_sensor":11,"twigs:petrified_lichen":1,"minecraft:lapis_ore":60,"minecraft:polished_blackstone_brick_stairs":2,"minecraft:sculk":41,"betternether:rubeus_leaves":3,"supplementaries:urn":91,"minecraft:spruce_stairs":3,"minecraft:gray_wool":122,"minecraft:lime_bed":1,"techreborn:rubber_planks":13,"minecraft:black_wall_banner":2,"minecraft:gray_bed":1,"betternether:blue_obsidian":1,"minecraft:coal_ore":116,"regions_unexplored:mycotoxic_mushrooms":2,"minecraft:terracotta":7,"regions_unexplored:glistering_ivy_plant":1,"minecraft:mossy_stone_bricks":1,"techreborn:rubber_log":2,"betternether:cincinnasite_pillar":1},"minecraft:dropped":{"minecraft:glow_ink_sac":2,"travelersbackpack:iron_tier_upgrade":1,"techreborn:rubber_sapling":18,"promenade:blush_sakura_sapling":27,"minecraft:rail":1,"betternether:black_bush":5,"minecraft:item_frame":1,"bewitchment:aconite_seeds":2,"paladins:golden_mace":1,"minecraft:dirt":7,"modern_industrialization:raw_nickel":1,"minecraft:dark_oak_fence":3,"create:scorchia":2,"botania:light_blue_mushroom":1,"minecraft:iron_pickaxe":2,"winterly:icicle":1,"minecraft:music_disc_stal":1,"bewitchment:belladonna_seeds":1,"regions_unexplored:redstone_bulb":1,"minecraft:bone":9,"paladins:priest_robe_head":1,"minecraft:iron_nugget":20,"minecraft:golden_chestplate":1,"minecraft:obsidian":1,"minecraft:rotten_flesh":27,"create:asurine":2,"betternether:willow_stairs":1,"supplementaries:flax_seeds":13,"create:scoria":1,"techreborn:sphalerite_dust":2,"soulsweapons:moonstone_pickaxe":1,"indrev:nikolite_dust":46,"botania:blue_double_flower":1,"minecraft:iron_ingot":20,"mcdw:sword_katana":2,"minecraft:feather":7,"minecraft:iron_helmet":1,"minecraft:cobblestone":52,"techreborn:steel_ingot":1,"techreborn:deepslate_bauxite_ore":2,"modern_industrialization:monazite_dust":1,"minecraft:chainmail_helmet":1,"minecraft:coal":5,"twigs:silt_ball":8,"minecraft:rose_bush":17,"regions_unexplored:glistering_sprout":5,"minecraft:iron_shovel":1,"minecraft:string":13,"powah:uraninite_raw":3,"minecraft:spruce_sapling":9,"minecraft:player_head":2,"minecraft:stone_sword":1,"promenade:sakura_sign":1,"minecraft:clay_ball":16,"betternether:cincinnasite":24,"minecraft:nether_bricks":3,"minecraft:spruce_fence":1,"minecraft:shears":2,"bewitchment:mandrake_seeds":1,"minecraft:spruce_planks":52,"minecraft:light_blue_carpet":14,"minecraft:spider_eye":3,"minecraft:bamboo":3,"regions_unexplored:glistering_fern":1,"betternether:rubeus_planks":8,"minecraft:blue_orchid":8,"minecraft:bow":10,"techreborn:invar_ingot":1,"techreborn:electrum_ingot":2,"minecraft:magma_block":1,"archon:earth_gem":1,"farmersdelight:tomato":4,"minecraft:brown_mushroom":8,"techreborn:yellow_garnet_gem":5,"techreborn:advanced_alloy_ingot":1,"minecraft:red_nether_brick_slab":2,"minecraft:leather":8,"techreborn:cinnabar_dust":3,"minecraft:honeycomb":8,"minecraft:flint":2,"betternether:blue_crying_obsidian":2,"regions_unexplored:glistering_ivy":1,"minecraft:snowball":990,"betternether:cincinnasite_stairs":2,"mcdw:sword_dancers_sword":1,"regions_unexplored:yellow_bioshroom":2,"minecraft:gold_ingot":77,"minecraft:gravel":11,"betternether:jungle_moss":1,"betternether:netherrack_stalactite":3,"supplementaries:antique_ink":1,"minecraft:chainmail_chestplate":1,"supplementaries:ash":49,"techreborn:raw_silver":3,"minecraft:gunpowder":3,"minecraft:skeleton_skull":4,"modern_industrialization:raw_tungsten":1,"minecraft:basalt":6,"minecraft:arrow":28,"minecraft:quartz":7,"minecraft:netherrack":16,"minecraft:bread":11,"twigs:bamboo_leaves":42,"betternether:blue_obsidian":3,"mythicmounts:firebird_feather":1,"techreborn:raw_lead":1,"comforts:sleeping_bag_light_gray":1,"simplyswords:gold_greataxe":1,"soulsweapons:holy_greatsword":1,"minecraft:stick":4,"minecraft:diorite":2,"minecraft:torch":47,"regions_unexplored:mycotoxic_daisy":1,"archers:ranger_armor_feet":1,"bewitchment:garlic":1,"minecraft:iron_leggings":1,"minecraft:flowering_azalea":1,"minecraft:iron_axe":1,"minecraft:bucket":2,"croptopia:glowing_calamari":9,"minecraft:smooth_basalt":4,"minecraft:redstone":60,"minecraft:sweet_berries":3,"immersive_armors:bone_chestplate":1,"promenade:cotton_sakura_sapling":4,"botania:blue_mushroom":1,"betternether:lapis_pile":10,"fishofthieves:earthworms":6,"simplyswords:gold_katana":1,"minecraft:iron_chestplate":5,"minecraft:andesite":3,"ae2:nether_quartz_pickaxe":1,"minecraft:golden_sword":1,"minecraft:slime_ball":7,"minecraft:spruce_log":23,"minecraft:stone_pickaxe":1,"minecraft:calcite":4},"minecraft:crafted":{"promenade:sakura_boat":1,"minecraft:bookshelf":44,"mcdw:sword_dancers_sword":1,"supplementaries:flute":1,"minecraft:gray_bed":3,"minecraft:emerald":98,"minecraft:diamond_axe":1,"travelersbackpack:standard":1,"ironchests:iron_chest":5,"minecraft:smithing_table":1,"minecraft:copper_ingot":16,"minecraft:fletching_table":1,"betternether:rubeus_crafting_table":1,"minecraft:iron_pickaxe":3,"minecraft:iron_block":3,"minecraft:gold_ingot":177,"minecraft:composter":1,"minecraft:golden_carrot":15,"minecraft:iron_nugget":18,"minecraft:bone_meal":165,"minecraft:ladder":57,"travelersbackpack:gold":2,"minecraft:stone_pickaxe":1,"mcdw:sword_broadsword":1,"ironchests:gold_chest":5,"minecraft:dark_oak_planks":32,"minecraft:lead":2,"minecraft:enchanting_table":1,"comforts:sleeping_bag_light_gray":2,"minecraft:golden_apple":13,"minecraft:iron_shovel":4,"minecraft:iron_leggings":3,"ironchests:copper_chest":5,"minecraft:oak_planks":216,"minecraft:dark_oak_boat":1,"techreborn:rubber_slab":30,"minecraft:bow":10,"minecraft:iron_boots":3,"promenade:sakura_planks":880,"minecraft:chest":16,"minecraft:stone_hoe":1,"minecraft:golden_boots":2,"travelersbackpack:iron_tier_upgrade":1,"minecraft:crafting_table":11,"minecraft:spruce_planks":772,"minecraft:iron_helmet":3,"mcdw:sword_cutlass":2,"betternether:rubeus_planks":16,"promenade:sakura_fence":3,"minecraft:iron_chestplate":4,"minecraft:stick":2844,"ae2:nether_quartz_pickaxe":2,"minecraft:iron_ingot":102,"minecraft:shears":4,"mcdw:sword_iron_sword_var":1,"techreborn:rubber_planks":400,"minecraft:furnace":3,"soulsweapons:holy_greatsword":1,"minecraft:iron_axe":2,"soulsweapons:moonstone_pickaxe":2,"techreborn:iron_furnace":1,"ironchests:copper_chest_upgrade":1,"mcdw:dagger_tempest_knife":2,"minecraft:spruce_sign":12,"minecraft:iron_sword":2,"minecraft:bucket":1,"mcdw:sword_katana":2,"minecraft:air":0,"minecraft:bread":240,"minecraft:gold_nugget":126,"minecraft:anvil":1,"minecraft:torch":384,"minecraft:lapis_block":44},"minecraft:used":{"minecraft:ladder":25,"minecraft:chest":13,"lootr:trophy":1,"techreborn:rubber_planks":93,"minecraft:dark_oak_boat":1,"minecraft:furnace":3,"simplyswords:soulpyre":83,"simplyswords:brimstone_claymore":1041,"minecraft:composter":2,"promenade:sakura_planks":8,"minecraft:crying_obsidian":6,"minecraft:fire_charge":2,"minecraft:smithing_table":1,"minecraft:enchanting_table":1,"techreborn:iron_furnace":1,"travelersbackpack:bat":5,"minecraft:netherrack":401,"minecraft:torch":436,"minecraft:anvil":1,"travelersbackpack:gold":8,"minecraft:iron_axe":199,"minecraft:basalt":3,"farmersdelight:cooking_pot":1,"minecraft:cobbled_deepslate":4,"minecraft:calcite":2,"minecraft:wheat_seeds":48,"minecraft:water_bucket":73,"minecraft:fletching_table":1,"minecraft:polished_blackstone_bricks":4,"fishofthieves:ancientscale":1,"minecraft:crafting_table":12,"promenade:sakura_fence":2,"minecraft:diamond_pickaxe":1194,"minecraft:diamond_shovel":12,"ironchests:copper_chest_upgrade":1,"minecraft:iron_pickaxe":407,"minecraft:spruce_sapling":21,"mythicmounts:firebird_feather":1,"minecraft:cobblestone":223,"archers:royal_longbow":3,"betternether:rubeus_crafting_table":1,"minecraft:iron_shovel":196,"minecraft:diamond_hoe":36,"minecraft:shield":7,"minecraft:iron_sword":104,"minecraft:player_head":1,"immersive_armors:bone_chestplate":1,"minecraft:carrot":105,"minecraft:tuff":3,"minecraft:obsidian":6,"minecraft:gray_bed":4,"minecraft:skeleton_skull":1,"bewitchment:garlic":5,"ironchests:gold_chest":5,"mcdw:sword_broadsword":59,"minecraft:stone_pickaxe":8,"minecraft:oak_planks":22,"mcdw:dagger_tempest_knife":275,"minecraft:chainmail_helmet":1,"paladins:diamond_great_hammer":2,"minecraft:diamond_axe":534,"minecraft:sugar_cane":3,"minecraft:crossbow":1,"minecraft:shears":131,"minecraft:bread":240,"betternether:wall_moss":1,"minecraft:bone_meal":165,"minecraft:experience_bottle":16,"minecraft:cobweb":6,"minecraft:spruce_planks":59,"minecraft:stone_hoe":45,"minecraft:dirt":165,"minecraft:granite":1,"promenade:sakura_boat":5,"minecraft:bookshelf":34,"minecraft:iron_boots":1,"minecraft:golden_carrot":12,"minecraft:pumpkin":1,"mcdw:sword_dancers_sword":174,"soulsweapons:moonstone_pickaxe":380,"minecraft:spruce_sign":6,"minecraft:smoker":1,"archers:rapid_crossbow":1,"ae2:nether_quartz_pickaxe":226,"minecraft:bucket":76,"minecraft:gray_wool":111,"minecraft:splash_potion":1},"minecraft:killed":{"fishofthieves:ancientscale":1,"betternether:skull":2,"naturalist:boar":1,"minecraft:skeleton":74,"mythicmobs:kobold_warrior":3,"minecraft:pillager":4,"bewitchment:owl":1,"tinyskeletons:baby_skeleton":1,"minecraft:zombie":81,"minecraft:cow":3,"minecraft:vindicator":2,"creeperoverhaul:snowy_creeper":1,"naturalist:deer":2,"graveyard:ghoul":11,"adventurez:soul_reaper":1,"mutantmonsters:creeper_minion":4,"minecraft:enderman":1,"minecraft:zombified_piglin":14,"minecraft:witch":3,"minecraft:spider":15,"minecraft:piglin_brute":5,"artifacts:mimic":3,"minecraft:piglin":8,"minecraft:zombie_villager":1,"minecraft:creeper":8,"bewitchment:raven":1,"minecraft:ghast":1,"promenade:duck":2,"adventurez:nightmare":1,"graveyard:revenant":2,"bewitchment:ghost":1,"mythicmobs:chupacabra":1,"adventurez:piglin_beast":3,"betternether:naga":17,"minecraft:hoglin":3,"betternether:jungle_skeleton":1,"mutantmonsters:mutant_zombie":1,"minecraft:wither_skeleton":2,"minecraft:player":1}},"DataVersion":3465}