{"stats":{"minecraft:picked_up":{"techreborn:raw_tin":45,"minecraft:crafting_table":1,"modern_industrialization:lignite_coal":3,"minecraft:wheat":6,"minecraft:clay_ball":212,"minecraft:string":2,"minecraft:raw_copper":32,"minecraft:white_carpet":1,"create:water_wheel":4,"techreborn:raw_silver":10,"create:mechanical_press":6,"minecraft:cobbled_deepslate":8,"twigs:pebble":6,"minecraft:spruce_planks":70,"minecraft:calcite":5,"techreborn:rubber_log":6,"minecraft:iron_nugget":24,"minecraft:spruce_slab":17,"minecraft:coal_block":3,"minecraft:stick":19,"minecraft:raw_iron":15,"minecraft:stone":10,"techreborn:rubber_planks":12,"minecraft:torch":9,"minecraft:spruce_stairs":2,"twigs:bamboo_leaves":45,"techreborn:ruby_gem":5,"minecraft:carrot":1,"promenade:sakura_planks":10,"indrev:raw_lead":4,"minecraft:arrow":1,"bewitchment:garlic":1,"create:scoria":6,"minecraft:peony":1,"techreborn:steel_plate":12,"minecraft:polished_basalt":1,"minecraft:hay_block":2,"create:depot":2,"minecraft:saddle":1,"minecraft:snowball":814,"minecraft:cobblestone":85,"minecraft:basalt":1,"minecraft:water_bucket":1,"minecraft:andesite":23,"minecraft:flint":3,"create:raw_zinc":7,"minecraft:lily_pad":1,"minecraft:lapis_lazuli":30,"minecraft:dirt":28,"minecraft:chipped_anvil":1,"minecraft:wheat_seeds":15,"bewitchment:mandrake_seeds":1,"create:shaft":12,"fishofthieves:earthworms":2,"techreborn:deepslate_bauxite_ore":3,"minecraft:mossy_stone_bricks":1,"minecraft:bamboo":520,"twigs:twig":4,"modern_industrialization:raw_tungsten":1,"minecraft:pumpkin":1,"create:cogwheel":1,"techreborn:raw_lead":8,"minecraft:gravel":30,"minecraft:sand":1,"minecraft:spruce_sapling":17,"minecraft:spruce_log":200,"techreborn:red_garnet_gem":1,"techreborn:bauxite_ore":3,"modern_industrialization:raw_nickel":2,"minecraft:granite":5,"minecraft:emerald":1,"minecraft:bread":6,"indrev:nikolite_dust":74,"minecraft:coal":26},"minecraft:crafted":{"minecraft:brick":153,"minecraft:smooth_stone":3,"alloy_forgery:bricks_forge_controller":1,"minecraft:coal":27,"techreborn:red_cell_battery":1,"minecraft:iron_nugget":9,"comforts:sleeping_bag_white":1,"indrev:battery":2,"minecraft:furnace":2,"minecraft:blast_furnace":1,"minecraft:stone":15,"minecraft:bone_meal":66,"indrev:tank":2,"techreborn:compressor":1,"supplementaries:globe":1,"indrev:wrench":1,"techreborn:lead_ingot":4,"minecraft:glass":6,"minecraft:spruce_stairs":16,"indrev:machine_block":2,"minecraft:iron_axe":2,"techreborn:tin_ingot":42,"techreborn:basic_machine_frame":2,"minecraft:spruce_slab":108,"techreborn:rubber_door":3,"techreborn:solid_fuel_generator":1,"techreborn:treetap":1,"minecraft:chest":3,"modern_industrialization:antimony_ingot":1,"minecraft:bricks":26,"techreborn:rubber":1,"indrev:compressor_mk1":1,"minecraft:wheat":18,"techreborn:steel_ingot":12,"travelersbackpack:iron_tier_upgrade":1,"minecraft:spruce_sign":6,"minecraft:spruce_planks":776,"travelersbackpack:standard":1,"minecraft:iron_helmet":1,"indrev:fluid_infuser_mk1":1,"minecraft:iron_sword":1,"minecraft:copper_ingot":34,"minecraft:bucket":7,"minecraft:campfire":3,"techreborn:tin_plate":40,"indrev:screwdriver":1,"minecraft:bread":7,"minecraft:air":0,"techreborn:refined_iron_ingot":18,"techreborn:insulated_copper_cable":1,"indrev:hammer":2,"minecraft:white_wool":2,"minecraft:wooden_hoe":1,"techreborn:copper_cable":6,"techreborn:nickel_ingot":2,"techreborn:silver_ingot":10,"minecraft:stick":36,"minecraft:iron_ingot":48,"minecraft:iron_pickaxe":2,"indrev:circuit_mk1":2,"indrev:heatsink":1,"minecraft:snow_block":154,"minecraft:iron_shovel":1,"minecraft:gold_ingot":1,"minecraft:iron_leggings":2,"indrev:cooler_cell":1,"minecraft:torch":76,"indrev:fan":4,"create:zinc_ingot":12,"techreborn:rubber_planks":4},"minecraft:used":{"minecraft:iron_shovel":141,"minecraft:spruce_slab":103,"minecraft:chest":2,"minecraft:spruce_planks":689,"minecraft:stone":10,"minecraft:iron_sword":56,"techreborn:compressor":1,"minecraft:iron_chestplate":1,"minecraft:torch":103,"minecraft:dirt":20,"minecraft:spruce_stairs":21,"minecraft:carrot":64,"create:depot":2,"minecraft:snowball":13,"techreborn:rubber_door":1,"minecraft:chipped_anvil":1,"minecraft:bricks":16,"minecraft:iron_axe":187,"techreborn:copper_cable":3,"minecraft:basalt":1,"create:shaft":10,"indrev:compressor_mk1":1,"minecraft:cobbled_deepslate":2,"minecraft:pumpkin":1,"minecraft:iron_leggings":1,"minecraft:wheat_seeds":12,"minecraft:water_bucket":17,"minecraft:mossy_stone_bricks":1,"minecraft:snow_block":64,"minecraft:spruce_sign":3,"techreborn:bauxite_ore":1,"minecraft:crafting_table":1,"minecraft:campfire":3,"alloy_forgery:bricks_forge_controller":1,"minecraft:smoker":1,"promenade:sakura_planks":13,"minecraft:wooden_hoe":7,"create:mechanical_press":6,"minecraft:bread":34,"minecraft:iron_pickaxe":394,"create:water_wheel":4,"minecraft:gravel":1,"minecraft:spruce_sapling":4,"techreborn:solid_fuel_generator":1,"minecraft:cobblestone":58,"travelersbackpack:standard":2,"minecraft:bucket":25,"minecraft:bone_meal":12,"indrev:fluid_infuser_mk1":1},"minecraft:broken":{"minecraft:iron_boots":1,"minecraft:iron_leggings":1,"minecraft:iron_axe":1,"minecraft:iron_pickaxe":2,"minecraft:iron_helmet":1},"minecraft:custom":{"lootr:looted_stat":8,"minecraft:interact_with_anvil":1,"minecraft:mob_kills":2,"minecraft:interact_with_crafting_table":78,"minecraft:leave_game":11,"minecraft:time_since_death":16963,"minecraft:damage_resisted":0,"minecraft:climb_one_cm":148,"minecraft:sprint_one_cm":821701,"minecraft:walk_one_cm":546603,"minecraft:drop":18,"minecraft:talked_to_villager":2,"minecraft:play_time":440417,"minecraft:deaths":4,"minecraft:sneak_time":6953,"minecraft:walk_under_water_one_cm":18111,"minecraft:jump":5847,"minecraft:interact_with_blast_furnace":26,"minecraft:walk_on_water_one_cm":56953,"minecraft:total_world_time":440417,"minecraft:interact_with_furnace":76,"minecraft:traded_with_villager":1,"minecraft:sleep_in_bed":21,"minecraft:hex":0,"minecraft:time_since_rest":2914,"minecraft:damage_taken":3881,"minecraft:damage_dealt":849,"minecraft:player_kills":1,"minecraft:swim_one_cm":28872,"minecraft:fly_one_cm":1221109,"minecraft:open_chest":315,"minecraft:crouch_one_cm":23168,"minecraft:interact_with_smoker":3,"minecraft:fall_one_cm":175969,"minecraft:horse_one_cm":67},"minecraft:mined":{"create:zinc_ore":6,"create:deepslate_zinc_ore":1,"minecraft:tuff":3,"minecraft:spruce_planks":81,"minecraft:granite":5,"minecraft:grass_block":24,"create:depot":2,"promenade:blush_sakura_blossom_pile":3,"modern_industrialization:lignite_coal_ore":4,"minecraft:soul_soil":1,"minecraft:coal_block":3,"indrev:deepslate_lead_ore":1,"techreborn:bauxite_ore":3,"minecraft:hay_block":2,"minecraft:tall_seagrass":1,"create:shaft":12,"modern_industrialization:tungsten_ore":1,"minecraft:polished_basalt":2,"techreborn:lead_ore":8,"minecraft:iron_ore":15,"minecraft:snow":20,"minecraft:andesite":26,"minecraft:pumpkin":1,"treechop:chopped_log":3,"indrev:deepslate_nikolite_ore":15,"minecraft:deepslate_iron_ore":1,"bewitchment:salt_ore":1,"minecraft:bamboo_sapling":3,"minecraft:bamboo":25,"minecraft:stone":106,"create:mechanical_press":6,"minecraft:spruce_slab":19,"minecraft:tripwire":2,"techreborn:deepslate_bauxite_ore":3,"minecraft:basalt":3,"minecraft:crafting_table":1,"minecraft:clay":53,"minecraft:torch":5,"indrev:nikolite_ore":1,"minecraft:calcite":14,"techreborn:deepslate_tin_ore":2,"create:scoria":9,"minecraft:campfire":1,"create:water_wheel":4,"modern_industrialization:nickel_ore":2,"promenade:sakura_planks":12,"minecraft:copper_ore":5,"minecraft:cobblestone":13,"minecraft:lapis_ore":6,"minecraft:lily_pad":1,"frostiful:icicle":2,"minecraft:wall_torch":5,"techreborn:tin_ore":43,"minecraft:seagrass":2,"minecraft:spruce_stairs":2,"techreborn:silver_ore":11,"techreborn:rubber_planks":12,"techreborn:ruby_ore":3,"minecraft:wheat":6,"minecraft:ice":7,"minecraft:white_carpet":1,"indrev:lead_ore":3,"minecraft:grass":1,"minecraft:coal_ore":27,"minecraft:gravel":39,"minecraft:sand":1,"minecraft:dirt":16,"minecraft:chipped_anvil":1,"minecraft:deepslate":8},"minecraft:dropped":{"minecraft:wheat_seeds":3,"create:cogwheel":1,"minecraft:apple":4,"minecraft:stick":3,"minecraft:dirt":1,"minecraft:snowball":24,"minecraft:lily_pad":1,"twigs:twig":2,"minecraft:gravel":1,"minecraft:white_carpet":1,"bewitchment:mandrake_seeds":1,"minecraft:spruce_planks":1,"minecraft:andesite":1,"minecraft:bamboo":2},"minecraft:killed_by":{"minecraft:player":2,"minecraft:skeleton":1},"minecraft:killed":{"minecraft:ravager":1,"minecraft:pillager":1,"minecraft:player":1}},"DataVersion":3465}